seed,variant,model,n_complexes,n_reactions,n_metabolites,balanced,trivially_balanced,trivially_concordant,concordant_pairs_total,kinetic_modules,singleton_modules,multi_complex_modules,largest_module_size,acr_metabolites
42,random_0,Alloascoidea_hylecoeti,25301.0,36389.0,14489.0,6914.0,6891.0,5512.0,75890.0,19808.0,19005.0,803.0,4692.0,227.0
42,random_0,Hanseniaspora_vinae,14981.0,21828.0,8869.0,4059.0,4044.0,3380.0,67169.0,11742.0,11353.0,389.0,2851.0,179.0
42,random_0,Komagataella_pastoris,14016.0,20262.0,8420.0,3754.0,3733.0,3270.0,69702.0,11042.0,10749.0,293.0,2682.0,153.0
42,random_0,Lipomyces_starkeyi,17268.0,24889.0,10318.0,4651.0,4625.0,4020.0,67511.0,13540.0,13182.0,358.0,3371.0,189.0
42,random_0,Neurospora_crassa,18560.0,26122.0,11015.0,4805.0,4783.0,4523.0,75218.0,14671.0,14238.0,433.0,3457.0,179.0
42,random_0,Pachysolen_tannophilus,17242.0,24974.0,10270.0,4649.0,4633.0,3952.0,64306.0,13424.0,13048.0,376.0,3443.0,179.0
42,random_0,Saccharomycopsis_malanga,19021.0,27867.0,11187.0,5181.0,5162.0,4238.0,73325.0,14697.0,14283.0,414.0,3911.0,202.0
42,random_0,Sporopachydermia_quercuum,16353.0,23510.0,9766.0,4350.0,4329.0,3872.0,70826.0,12771.0,12440.0,331.0,3252.0,164.0
42,random_0,Tortispora_caseinolytica,12355.0,17785.0,7471.0,3299.0,3260.0,3031.0,71388.0,9808.0,9515.0,293.0,2256.0,128.0
42,random_0,Torulaspora_delbrueckii,15437.0,22361.0,9225.0,4177.0,4145.0,3611.0,66038.0,12068.0,11642.0,426.0,2943.0,165.0
42,random_0,Wickerhamomyces_ciferrii,19249.0,27549.0,11360.0,5186.0,5170.0,4426.0,73616.0,15137.0,14603.0,534.0,3579.0,199.0
42,random_0,Yarrowia_deformans,17142.0,24423.0,10143.0,4516.0,4501.0,4148.0,80983.0,13686.0,13127.0,559.0,2898.0,145.0
42,random_100,Alloascoidea_hylecoeti,45473.0,76117.0,20916.0,12533.0,9307.0,5973.0,27125.0,36365.0,32011.0,4354.0,4712.0,237.0
42,random_100,Debaryomyces_hansenii,33620.0,56910.0,15748.0,9058.0,6801.0,4453.0,18354.0,27959.0,25940.0,2019.0,3638.0,197.0
42,random_100,Hanseniaspora_vinae,26557.0,44680.0,12554.0,7207.0,5383.0,3496.0,15271.0,21292.0,18907.0,2385.0,2860.0,184.0
42,random_100,Komagataella_pastoris,25364.0,42076.0,12065.0,6823.0,5022.0,3303.0,20155.0,20381.0,18116.0,2265.0,2689.0,157.0
42,random_100,Lipomyces_starkeyi,31957.0,53033.0,15013.0,8498.0,6230.0,4138.0,23790.0,25587.0,22633.0,2954.0,3388.0,195.0
42,random_100,Neurospora_crassa,35238.0,57232.0,16434.0,9305.0,6676.0,4778.0,25415.0,28316.0,24906.0,3410.0,3474.0,185.0
42,random_100,Pachysolen_tannophilus,31388.0,52400.0,14800.0,8430.0,6242.0,4149.0,19150.0,25099.0,22287.0,2812.0,3448.0,182.0
42,random_100,Saccharomycopsis_malanga,34696.0,59861.0,16088.0,9161.0,6850.0,4465.0,21139.0,27776.0,24809.0,2967.0,3918.0,206.0
42,random_100,Sporopachydermia_quercuum,29934.0,49722.0,14131.0,7999.0,5864.0,3976.0,23738.0,23956.0,21270.0,2686.0,3262.0,169.0
42,random_100,Tortispora_caseinolytica,22588.0,37467.0,10742.0,5969.0,4386.0,3031.0,20977.0,18274.0,16241.0,2033.0,2263.0,132.0
42,random_100,Torulaspora_delbrueckii,27983.0,46783.0,13244.0,7639.0,5616.0,3698.0,23435.0,22335.0,19668.0,2667.0,2952.0,170.0
42,random_100,Wickerhamomyces_ciferrii,34954.0,57985.0,16393.0,9514.0,7019.0,4637.0,26435.0,28028.0,24725.0,3303.0,3586.0,203.0
42,random_100,Yarrowia_deformans,31537.0,51645.0,14790.0,8568.0,6233.0,4202.0,18487.0,25362.0,22134.0,3228.0,2906.0,149.0
42,random_25,Alloascoidea_hylecoeti,30591.0,46067.0,16189.0,8314.0,7498.0,5586.0,58649.0,24213.0,22526.0,1687.0,4692.0,227.0
42,random_25,Debaryomyces_hansenii,22732.0,34560.0,12332.0,6196.0,5569.0,4241.0,56104.0,18545.0,17986.0,559.0,3630.0,191.0
42,random_25,Hanseniaspora_vinae,18015.0,27294.0,9865.0,4906.0,4390.0,3410.0,48628.0,14248.0,13339.0,909.0,2856.0,182.0
42,random_25,Komagataella_pastoris,16787.0,25188.0,9314.0,4443.0,4026.0,3245.0,54606.0,13353.0,12604.0,749.0,2685.0,155.0
42,random_25,Lipomyces_starkeyi,21406.0,32169.0,11646.0,5656.0,5041.0,4034.0,60047.0,16946.0,15863.0,1083.0,3377.0,191.0
42,random_25,Neurospora_crassa,22784.0,33428.0,12419.0,5974.0,5281.0,4577.0,62843.0,18146.0,16967.0,1179.0,3457.0,179.0
42,random_25,Pachysolen_tannophilus,21066.0,32028.0,11489.0,5612.0,5046.0,3968.0,54937.0,16625.0,15626.0,999.0,3443.0,179.0
42,random_25,Saccharomycopsis_malanga,23144.0,35277.0,12528.0,6260.0,5622.0,4271.0,55248.0,18150.0,17081.0,1069.0,3915.0,204.0
42,random_25,Sporopachydermia_quercuum,20244.0,30246.0,11047.0,5427.0,4778.0,3868.0,61737.0,15911.0,14858.0,1053.0,3261.0,169.0
42,random_25,Tortispora_caseinolytica,15200.0,22717.0,8400.0,4023.0,3565.0,3039.0,59955.0,12178.0,11414.0,764.0,2259.0,130.0
42,random_25,Torulaspora_delbrueckii,18661.0,28071.0,10287.0,5067.0,4523.0,3617.0,49988.0,14744.0,13782.0,962.0,2947.0,167.0
42,random_25,Wickerhamomyces_ciferrii,23683.0,35493.0,12812.0,6451.0,5690.0,4489.0,52182.0,18773.0,17450.0,1323.0,3582.0,201.0
42,random_25,Yarrowia_deformans,21161.0,31229.0,11499.0,5713.0,4983.0,4193.0,55762.0,16979.0,15711.0,1268.0,2902.0,147.0
42,random_50,Alloascoidea_hylecoeti,36556.0,57265.0,18116.0,10006.0,8193.0,5757.0,45522.0,29090.0,26317.0,2773.0,4693.0,227.0
42,random_50,Debaryomyces_hansenii,26467.0,41652.0,13529.0,7211.0,5994.0,4293.0,38604.0,21752.0,20669.0,1083.0,3634.0,195.0
42,random_50,Hanseniaspora_vinae,21078.0,33302.0,10831.0,5700.0,4738.0,3425.0,35820.0,16792.0,15368.0,1424.0,2856.0,182.0
42,random_50,Komagataella_pastoris,20325.0,31572.0,10463.0,5378.0,4408.0,3267.0,42956.0,16248.0,14871.0,1377.0,2685.0,155.0
42,random_50,Lipomyces_starkeyi,24864.0,38643.0,12778.0,6640.0,5450.0,4079.0,45231.0,19764.0,18057.0,1707.0,3385.0,195.0
42,random_50,Neurospora_crassa,26720.0,40892.0,13696.0,7051.0,5732.0,4640.0,49113.0,21347.0,19466.0,1881.0,3470.0,183.0
42,random_50,Pachysolen_tannophilus,24344.0,38484.0,12534.0,6491.0,5421.0,4026.0,40831.0,19321.0,17748.0,1573.0,3446.0,181.0
42,random_50,Saccharomycopsis_malanga,26919.0,42839.0,13717.0,7215.0,6022.0,4345.0,41960.0,21328.0,19664.0,1664.0,3915.0,204.0
42,random_50,Sporopachydermia_quercuum,23676.0,36834.0,12145.0,6313.0,5142.0,3909.0,39745.0,18761.0,17130.0,1631.0,3262.0,169.0
42,random_50,Tortispora_caseinolytica,18069.0,28083.0,9313.0,4741.0,3868.0,3003.0,39695.0,14540.0,13289.0,1251.0,2263.0,132.0
42,random_50,Torulaspora_delbrueckii,21924.0,34323.0,11334.0,5919.0,4892.0,3667.0,42319.0,17463.0,15963.0,1500.0,2952.0,170.0
42,random_50,Wickerhamomyces_ciferrii,27361.0,42995.0,13942.0,7340.0,6089.0,4493.0,43297.0,21834.0,19898.0,1936.0,3582.0,201.0
42,random_50,Yarrowia_deformans,25147.0,38721.0,12769.0,6829.0,5468.0,4162.0,48341.0,20202.0,18173.0,2029.0,2903.0,147.0
42,random_75,Alloascoidea_hylecoeti,41194.0,67153.0,19572.0,11407.0,8814.0,5852.0,32299.0,32853.0,29246.0,3607.0,4712.0,237.0
42,random_75,Debaryomyces_hansenii,30011.0,49122.0,14629.0,8128.0,6395.0,4347.0,29175.0,24821.0,23273.0,1548.0,3638.0,197.0
42,random_75,Hanseniaspora_vinae,23770.0,38796.0,11688.0,6478.0,5079.0,3440.0,28347.0,18993.0,17092.0,1901.0,2860.0,184.0
42,random_75,Komagataella_pastoris,22842.0,36716.0,11278.0,6160.0,4740.0,3277.0,24271.0,18286.0,16435.0,1851.0,2685.0,155.0
42,random_75,Lipomyces_starkeyi,28469.0,45747.0,13939.0,7665.0,5880.0,4110.0,34289.0,22711.0,20363.0,2348.0,3388.0,195.0
42,random_75,Neurospora_crassa,30677.0,48700.0,14949.0,8098.0,6173.0,4685.0,35707.0,24583.0,21992.0,2591.0,3474.0,185.0
42,random_75,Pachysolen_tannophilus,27640.0,45034.0,13578.0,7311.0,5776.0,4069.0,31318.0,22089.0,19995.0,2094.0,3446.0,181.0
42,random_75,Saccharomycopsis_malanga,30980.0,51691.0,14944.0,8177.0,6419.0,4406.0,34015.0,24706.0,22365.0,2341.0,3918.0,206.0
42,random_75,Sporopachydermia_quercuum,27037.0,43552.0,13215.0,7209.0,5521.0,3954.0,27989.0,21528.0,19307.0,2221.0,3262.0,169.0
42,random_75,Tortispora_caseinolytica,20208.0,32703.0,9980.0,5317.0,4109.0,3006.0,28584.0,16310.0,14689.0,1621.0,2263.0,132.0
42,random_75,Torulaspora_delbrueckii,25181.0,40567.0,12378.0,6849.0,5272.0,3686.0,31580.0,20079.0,17940.0,2139.0,2952.0,170.0
42,random_75,Wickerhamomyces_ciferrii,30964.0,50145.0,15109.0,8383.0,6539.0,4552.0,32518.0,24815.0,22264.0,2551.0,3582.0,201.0
42,random_75,Yarrowia_deformans,28134.0,44871.0,13710.0,7703.0,5863.0,4153.0,37966.0,22565.0,19938.0,2627.0,2906.0,149.0
43,random_0,Alloascoidea_hylecoeti,25321.0,36419.0,14501.0,6924.0,6901.0,5507.0,76568.0,19828.0,19025.0,803.0,4692.0,227.0
43,random_0,Debaryomyces_hansenii,18735.0,27304.0,11043.0,5148.0,5123.0,4183.0,73870.0,15078.0,15053.0,25.0,3634.0,191.0
43,random_0,Hanseniaspora_vinae,14997.0,21846.0,8882.0,4075.0,4052.0,3384.0,67094.0,11749.0,11357.0,392.0,2857.0,181.0
43,random_0,Komagataella_pastoris,14014.0,20260.0,8418.0,3752.0,3731.0,3270.0,69569.0,11041.0,10749.0,292.0,2682.0,153.0
43,random_0,Lipomyces_starkeyi,17269.0,24890.0,10319.0,4652.0,4626.0,4020.0,70940.0,13541.0,13183.0,358.0,3371.0,189.0
43,random_0,Neurospora_crassa,18564.0,26123.0,11014.0,4809.0,4781.0,4523.0,72034.0,14673.0,14241.0,432.0,3460.0,179.0
43,random_0,Pachysolen_tannophilus,17243.0,24975.0,10270.0,4650.0,4634.0,3952.0,64272.0,13426.0,13049.0,377.0,3441.0,179.0
43,random_0,Saccharomycopsis_malanga,19033.0,27880.0,11193.0,5193.0,5162.0,4243.0,73355.0,14702.0,14285.0,417.0,3915.0,203.0
43,random_0,Sporopachydermia_quercuum,16353.0,23510.0,9766.0,4350.0,4329.0,3872.0,70666.0,12771.0,12440.0,331.0,3252.0,164.0
43,random_0,Tortispora_caseinolytica,12333.0,17761.0,7457.0,3277.0,3256.0,3023.0,68065.0,9797.0,9511.0,286.0,2252.0,128.0
43,random_0,Torulaspora_delbrueckii,15500.0,22446.0,9266.0,4232.0,4166.0,3624.0,66030.0,12108.0,11674.0,434.0,2959.0,166.0
43,random_0,Yarrowia_deformans,17142.0,24423.0,10143.0,4516.0,4501.0,4148.0,77150.0,13686.0,13127.0,559.0,2898.0,145.0
43,random_100,Alloascoidea_hylecoeti,45493.0,76147.0,20928.0,12543.0,9317.0,5968.0,21338.0,36385.0,32031.0,4354.0,4712.0,237.0
43,random_100,Debaryomyces_hansenii,33649.0,56960.0,15765.0,9072.0,6811.0,4457.0,23228.0,27980.0,25957.0,2023.0,3642.0,197.0
43,random_100,Hanseniaspora_vinae,26579.0,44710.0,12569.0,7219.0,5390.0,3502.0,20151.0,21306.0,18919.0,2387.0,2866.0,186.0
43,random_100,Komagataella_pastoris,25362.0,42074.0,12063.0,6821.0,5020.0,3303.0,19954.0,20380.0,18116.0,2264.0,2689.0,157.0
43,random_100,Lipomyces_starkeyi,31958.0,53034.0,15014.0,8499.0,6231.0,4138.0,24698.0,25588.0,22634.0,2954.0,3388.0,195.0
43,random_100,Neurospora_crassa,35242.0,57233.0,16433.0,9309.0,6674.0,4778.0,25429.0,28318.0,24909.0,3409.0,3477.0,185.0
43,random_100,Pachysolen_tannophilus,31389.0,52401.0,14800.0,8431.0,6243.0,4149.0,19995.0,25101.0,22288.0,2813.0,3446.0,182.0
43,random_100,Saccharomycopsis_malanga,34743.0,59914.0,16109.0,9190.0,6857.0,4472.0,23955.0,27807.0,24828.0,2979.0,3922.0,207.0
43,random_100,Sporopachydermia_quercuum,29934.0,49722.0,14131.0,7999.0,5864.0,3976.0,18369.0,23956.0,21270.0,2686.0,3262.0,169.0
43,random_100,Tortispora_caseinolytica,22536.0,37403.0,10718.0,5953.0,4380.0,3023.0,19257.0,18231.0,16203.0,2028.0,2259.0,132.0
43,random_100,Torulaspora_delbrueckii,28064.0,46910.0,13290.0,7679.0,5639.0,3704.0,21174.0,22397.0,19727.0,2670.0,2968.0,171.0
43,random_100,Wickerhamomyces_ciferrii,34956.0,57987.0,16394.0,9516.0,7020.0,4637.0,26832.0,28029.0,24725.0,3304.0,3586.0,203.0
43,random_100,Yarrowia_deformans,31537.0,51645.0,14790.0,8568.0,6233.0,4202.0,24531.0,25362.0,22134.0,3228.0,2906.0,149.0
43,random_25,Alloascoidea_hylecoeti,30439.0,46527.0,16091.0,8159.0,7444.0,5613.0,59216.0,24188.0,22652.0,1536.0,4700.0,231.0
43,random_25,Debaryomyces_hansenii,22984.0,34658.0,12445.0,6259.0,5592.0,4293.0,60693.0,18767.0,18182.0,585.0,3634.0,191.0
43,random_25,Hanseniaspora_vinae,18103.0,27338.0,9885.0,4821.0,4372.0,3418.0,50107.0,14377.0,13507.0,870.0,2857.0,181.0
43,random_25,Komagataella_pastoris,17047.0,25512.0,9414.0,4569.0,4065.0,3276.0,45233.0,13555.0,12753.0,802.0,2685.0,155.0
43,random_25,Lipomyces_starkeyi,21352.0,32078.0,11656.0,5731.0,5067.0,4025.0,54440.0,16890.0,15822.0,1068.0,3382.0,193.0
43,random_25,Neurospora_crassa,22399.0,32881.0,12294.0,5967.0,5271.0,4544.0,59494.0,17793.0,16657.0,1136.0,3464.0,181.0
43,random_25,Pachysolen_tannophilus,21084.0,31699.0,11529.0,5644.0,5056.0,3988.0,48000.0,16670.0,15702.0,968.0,3443.0,180.0
43,random_25,Saccharomycopsis_malanga,23345.0,35668.0,12581.0,6287.0,5629.0,4280.0,60517.0,18336.0,17247.0,1089.0,3915.0,203.0
43,random_25,Sporopachydermia_quercuum,20491.0,30544.0,11133.0,5471.0,4792.0,3888.0,56721.0,16182.0,15125.0,1057.0,3252.0,164.0
43,random_25,Tortispora_caseinolytica,15195.0,22763.0,8387.0,3973.0,3551.0,2999.0,58196.0,12188.0,11432.0,756.0,2252.0,128.0
43,random_25,Torulaspora_delbrueckii,18828.0,28406.0,10346.0,5120.0,4537.0,3654.0,51039.0,14866.0,13867.0,999.0,2964.0,169.0
43,random_25,Wickerhamomyces_ciferrii,23769.0,35629.0,12850.0,6504.0,5725.0,4474.0,55657.0,18789.0,17396.0,1393.0,3582.0,201.0
43,random_25,Yarrowia_deformans,21010.0,30999.0,11427.0,5590.0,4963.0,4208.0,65188.0,16867.0,15624.0,1243.0,2898.0,145.0
43,random_50,Alloascoidea_hylecoeti,36041.0,57203.0,17904.0,9787.0,8125.0,5701.0,40957.0,28774.0,26228.0,2546.0,4700.0,231.0
43,random_50,Debaryomyces_hansenii,26480.0,41930.0,13528.0,7167.0,5989.0,4335.0,44135.0,21795.0,20746.0,1049.0,3638.0,195.0
43,random_50,Hanseniaspora_vinae,21050.0,33142.0,10830.0,5664.0,4726.0,3468.0,37143.0,16768.0,15354.0,1414.0,2862.0,184.0
43,random_50,Komagataella_pastoris,19681.0,30780.0,10251.0,5295.0,4370.0,3271.0,34535.0,15737.0,14500.0,1237.0,2689.0,157.0
43,random_50,Lipomyces_starkeyi,,,,,,,,,,,,
43,random_50,Neurospora_crassa,26389.0,40485.0,13584.0,7058.0,5723.0,4631.0,47731.0,21065.0,19240.0,1825.0,3472.0,185.0
43,random_50,Pachysolen_tannophilus,24670.0,38651.0,12708.0,6769.0,5529.0,4043.0,40327.0,19573.0,17927.0,1646.0,3443.0,180.0
43,random_50,Saccharomycopsis_malanga,27313.0,43848.0,13829.0,7352.0,6072.0,4319.0,46273.0,21622.0,19861.0,1761.0,3919.0,205.0
43,random_50,Sporopachydermia_quercuum,23842.0,36996.0,12220.0,6432.0,5200.0,3911.0,42573.0,18935.0,17285.0,1650.0,3252.0,164.0
43,random_50,Tortispora_caseinolytica,17514.0,27223.0,9142.0,4655.0,3831.0,2991.0,38956.0,14104.0,12948.0,1156.0,2252.0,128.0
43,random_50,Torulaspora_delbrueckii,22093.0,34852.0,11404.0,6130.0,4963.0,3658.0,44138.0,17507.0,15892.0,1615.0,2964.0,169.0
43,random_50,Wickerhamomyces_ciferrii,27951.0,43829.0,14164.0,7593.0,6177.0,4509.0,40428.0,22253.0,20160.0,2093.0,3582.0,201.0
43,random_50,Yarrowia_deformans,24280.0,37285.0,12474.0,6490.0,5342.0,4175.0,49078.0,19551.0,17725.0,1826.0,2898.0,145.0
43,random_75,Alloascoidea_hylecoeti,41286.0,67617.0,19557.0,11227.0,8725.0,5828.0,32007.0,32972.0,29409.0,3563.0,4712.0,237.0
43,random_75,Debaryomyces_hansenii,30255.0,49282.0,14738.0,8193.0,6433.0,4394.0,32942.0,25042.0,23475.0,1567.0,3642.0,197.0
43,random_75,Hanseniaspora_vinae,23857.0,39014.0,11704.0,6435.0,5055.0,3485.0,27223.0,19103.0,17217.0,1886.0,2862.0,184.0
43,random_75,Komagataella_pastoris,22293.0,36024.0,11092.0,6042.0,4690.0,3271.0,29691.0,17878.0,16171.0,1707.0,2689.0,157.0
43,random_75,Lipomyces_starkeyi,28615.0,46156.0,13950.0,7563.0,5831.0,4103.0,26804.0,22842.0,20481.0,2361.0,3388.0,195.0
43,random_75,Neurospora_crassa,30751.0,48959.0,14969.0,8160.0,6184.0,4727.0,34249.0,24614.0,21984.0,2630.0,3477.0,185.0
43,random_75,Pachysolen_tannophilus,28062.0,45515.0,13776.0,7632.0,5900.0,4117.0,28400.0,22409.0,20210.0,2199.0,3443.0,180.0
43,random_75,Saccharomycopsis_malanga,30584.0,50850.0,14837.0,8134.0,6402.0,4410.0,30214.0,24368.0,22095.0,2273.0,3922.0,207.0
43,random_75,Sporopachydermia_quercuum,26918.0,43520.0,13174.0,7172.0,5512.0,3949.0,29937.0,21515.0,19375.0,2140.0,3253.0,164.0
43,random_75,Tortispora_caseinolytica,,,,,,,,,,,,
43,random_75,Torulaspora_delbrueckii,24700.0,40296.0,12233.0,6865.0,5280.0,3667.0,29869.0,19641.0,17569.0,2072.0,2968.0,171.0
43,random_75,Wickerhamomyces_ciferrii,31546.0,50907.0,15319.0,8551.0,6594.0,4590.0,28702.0,25237.0,22546.0,2691.0,3586.0,203.0
43,random_75,Yarrowia_deformans,28297.0,44873.0,13746.0,7511.0,5777.0,4173.0,36688.0,22802.0,20219.0,2583.0,2899.0,145.0
44,random_0,Alloascoidea_hylecoeti,25321.0,36411.0,14501.0,6934.0,6896.0,5518.0,75919.0,19818.0,19009.0,809.0,4696.0,227.0
44,random_0,Debaryomyces_hansenii,18721.0,27282.0,11033.0,5134.0,5115.0,4182.0,73651.0,15071.0,15051.0,20.0,3632.0,191.0
44,random_0,Hanseniaspora_vinae,14982.0,21829.0,8871.0,4060.0,4045.0,3380.0,67088.0,11726.0,11337.0,389.0,2868.0,197.0
44,random_0,Komagataella_pastoris,14014.0,20260.0,8418.0,3752.0,3731.0,3270.0,69901.0,11041.0,10749.0,292.0,2682.0,153.0
44,random_0,Lipomyces_starkeyi,17268.0,24889.0,10318.0,4651.0,4625.0,4020.0,70929.0,13540.0,13182.0,358.0,3371.0,189.0
44,random_0,Neurospora_crassa,18558.0,26120.0,11013.0,4803.0,4781.0,4523.0,75474.0,14670.0,14238.0,432.0,3457.0,179.0
44,random_0,Pachysolen_tannophilus,17247.0,24982.0,10273.0,4654.0,4636.0,3952.0,64424.0,13428.0,13051.0,377.0,3443.0,179.0
44,random_0,Saccharomycopsis_malanga,19029.0,27876.0,11191.0,5189.0,5162.0,4240.0,77073.0,14701.0,14285.0,416.0,3913.0,202.0
44,random_0,Sporopachydermia_quercuum,16353.0,23510.0,9766.0,4350.0,4329.0,3872.0,70922.0,12771.0,12440.0,331.0,3252.0,164.0
44,random_0,Tortispora_caseinolytica,12333.0,17761.0,7457.0,3277.0,3256.0,3023.0,68239.0,9797.0,9511.0,286.0,2252.0,128.0
44,random_0,Torulaspora_delbrueckii,15489.0,22429.0,9260.0,4229.0,4171.0,3614.0,69205.0,12093.0,11659.0,434.0,2963.0,169.0
44,random_0,Wickerhamomyces_ciferrii,19266.0,27565.0,11367.0,5203.0,5176.0,4424.0,73714.0,15145.0,14611.0,534.0,3588.0,199.0
44,random_0,Yarrowia_deformans,17152.0,24438.0,10153.0,4526.0,4509.0,4150.0,78377.0,13690.0,13129.0,561.0,2902.0,145.0
44,random_100,Alloascoidea_hylecoeti,45516.0,76179.0,20935.0,12547.0,9313.0,5979.0,22845.0,36400.0,32042.0,4358.0,4716.0,237.0
44,random_100,Debaryomyces_hansenii,33624.0,56912.0,15752.0,9062.0,6805.0,4453.0,25600.0,27961.0,25942.0,2019.0,3640.0,197.0
44,random_100,Hanseniaspora_vinae,26558.0,44681.0,12556.0,7208.0,5384.0,3496.0,15425.0,21276.0,18891.0,2385.0,2877.0,202.0
44,random_100,Komagataella_pastoris,25362.0,42074.0,12063.0,6821.0,5020.0,3303.0,22233.0,20380.0,18116.0,2264.0,2689.0,157.0
44,random_100,Lipomyces_starkeyi,31957.0,53033.0,15013.0,8498.0,6230.0,4138.0,22297.0,25587.0,22633.0,2954.0,3388.0,195.0
44,random_100,Neurospora_crassa,35236.0,57230.0,16432.0,9303.0,6674.0,4778.0,26245.0,28315.0,24906.0,3409.0,3474.0,185.0
44,random_100,Pachysolen_tannophilus,31396.0,52414.0,14804.0,8434.0,6244.0,4151.0,19715.0,25106.0,22293.0,2813.0,3448.0,182.0
44,random_100,Saccharomycopsis_malanga,34719.0,59890.0,16097.0,9166.0,6851.0,4469.0,19645.0,27796.0,24828.0,2968.0,3920.0,206.0
44,random_100,Sporopachydermia_quercuum,29934.0,49722.0,14131.0,7999.0,5864.0,3976.0,17616.0,23956.0,21270.0,2686.0,3262.0,169.0
44,random_100,Tortispora_caseinolytica,22536.0,37403.0,10718.0,5953.0,4380.0,3023.0,16685.0,18231.0,16203.0,2028.0,2259.0,132.0
44,random_100,Torulaspora_delbrueckii,28050.0,46885.0,13284.0,7679.0,5637.0,3708.0,22413.0,22377.0,19705.0,2672.0,2972.0,174.0
44,random_100,Wickerhamomyces_ciferrii,34976.0,58007.0,16402.0,9532.0,7024.0,4638.0,25165.0,28040.0,24736.0,3304.0,3595.0,203.0
44,random_100,Yarrowia_deformans,31552.0,51666.0,14802.0,8577.0,6239.0,4206.0,22537.0,25371.0,22141.0,3230.0,2910.0,149.0
44,random_25,Alloascoidea_hylecoeti,30151.0,45061.0,16093.0,8325.0,7478.0,5628.0,64553.0,23816.0,22176.0,1640.0,4696.0,227.0
44,random_25,Debaryomyces_hansenii,23320.0,35362.0,12543.0,6356.0,5624.0,4283.0,58483.0,19036.0,18386.0,650.0,3636.0,195.0
44,random_25,Hanseniaspora_vinae,18319.0,27753.0,9955.0,4939.0,4416.0,3413.0,51260.0,14484.0,13516.0,968.0,2868.0,197.0
44,random_25,Komagataella_pastoris,17359.0,25960.0,9513.0,4644.0,4102.0,3249.0,54136.0,13765.0,12871.0,894.0,2686.0,155.0
44,random_25,Lipomyces_starkeyi,21004.0,31339.0,11543.0,5607.0,5026.0,4076.0,57114.0,16645.0,15659.0,986.0,3374.0,189.0
44,random_25,Neurospora_crassa,22996.0,33362.0,12498.0,5966.0,5267.0,4618.0,53658.0,18344.0,17177.0,1167.0,3466.0,183.0
44,random_25,Pachysolen_tannophilus,21245.0,31970.0,11590.0,5719.0,5083.0,4006.0,48081.0,16747.0,15697.0,1050.0,3445.0,180.0
44,random_25,Saccharomycopsis_malanga,22742.0,35034.0,12366.0,6148.0,5574.0,4260.0,59853.0,17845.0,16866.0,979.0,3916.0,204.0
44,random_25,Sporopachydermia_quercuum,19937.0,29866.0,10930.0,5286.0,4717.0,3866.0,55882.0,15752.0,14821.0,931.0,3252.0,164.0
44,random_25,Tortispora_caseinolytica,15445.0,23059.0,8462.0,4036.0,3579.0,2991.0,48785.0,12370.0,11557.0,813.0,2256.0,130.0
44,random_25,Torulaspora_delbrueckii,18856.0,28503.0,10345.0,5095.0,4534.0,3653.0,55604.0,14919.0,13944.0,975.0,2963.0,169.0
44,random_25,Wickerhamomyces_ciferrii,23499.0,34935.0,12777.0,6412.0,5688.0,4452.0,63050.0,18590.0,17284.0,1306.0,3591.0,201.0
44,random_25,Yarrowia_deformans,21355.0,31654.0,11511.0,5559.0,4945.0,4158.0,63569.0,17135.0,15816.0,1319.0,2902.0,145.0
44,random_50,Alloascoidea_hylecoeti,35452.0,55191.0,17784.0,9742.0,8096.0,5759.0,52036.0,28195.0,25658.0,2537.0,4705.0,231.0
44,random_50,Debaryomyces_hansenii,26939.0,42622.0,13690.0,7339.0,6049.0,4331.0,40180.0,22161.0,21017.0,1144.0,3636.0,195.0
44,random_50,Hanseniaspora_vinae,21223.0,33507.0,10867.0,5696.0,4736.0,3420.0,40794.0,16864.0,15387.0,1477.0,2873.0,200.0
44,random_50,Komagataella_pastoris,20130.0,31294.0,10417.0,5451.0,4439.0,3270.0,43176.0,16031.0,14641.0,1390.0,2689.0,157.0
44,random_50,Lipomyces_starkeyi,24731.0,38307.0,12752.0,6643.0,5446.0,4063.0,43268.0,19686.0,18028.0,1658.0,3384.0,193.0
44,random_50,Neurospora_crassa,26996.0,40718.0,13804.0,7076.0,5727.0,4657.0,44247.0,21575.0,19646.0,1929.0,3470.0,185.0
44,random_50,Pachysolen_tannophilus,24587.0,38382.0,12667.0,6624.0,5473.0,4058.0,39176.0,19492.0,17845.0,1647.0,3445.0,180.0
44,random_50,Saccharomycopsis_malanga,26746.0,43058.0,13640.0,7221.0,6028.0,4336.0,45734.0,21151.0,19490.0,1661.0,3920.0,206.0
44,random_50,Sporopachydermia_quercuum,23428.0,36446.0,12066.0,6245.0,5123.0,3894.0,37248.0,18636.0,17104.0,1532.0,3252.0,164.0
44,random_50,Tortispora_caseinolytica,17616.0,27243.0,9176.0,4684.0,3852.0,2976.0,35961.0,14167.0,12985.0,1182.0,2259.0,132.0
44,random_50,Torulaspora_delbrueckii,21650.0,33985.0,11247.0,5930.0,4886.0,3653.0,43611.0,17199.0,15711.0,1488.0,2963.0,169.0
44,random_50,Wickerhamomyces_ciferrii,27449.0,42757.0,14036.0,7514.0,6165.0,4481.0,46322.0,21829.0,19823.0,2006.0,3591.0,201.0
44,random_50,Yarrowia_deformans,24973.0,38380.0,12703.0,6652.0,5413.0,4177.0,53180.0,20038.0,18029.0,2009.0,2906.0,147.0
44,random_75,Alloascoidea_hylecoeti,40545.0,65717.0,19395.0,11264.0,8753.0,5841.0,31725.0,32273.0,28753.0,3520.0,4716.0,237.0
44,random_75,Debaryomyces_hansenii,30444.0,49974.0,14759.0,8135.0,6385.0,4414.0,25579.0,25256.0,23702.0,1554.0,3636.0,195.0
44,random_75,Hanseniaspora_vinae,23870.0,38987.0,11711.0,6451.0,5067.0,3457.0,32385.0,19056.0,17124.0,1932.0,2873.0,200.0
44,random_75,Komagataella_pastoris,22795.0,36600.0,11283.0,6252.0,4771.0,3280.0,33850.0,18216.0,16350.0,1866.0,2689.0,157.0
44,random_75,Lipomyces_starkeyi,27602.0,44641.0,13637.0,7442.0,5790.0,4096.0,34263.0,22044.0,19893.0,2151.0,3388.0,195.0
44,random_75,Neurospora_crassa,31452.0,49324.0,15239.0,8286.0,6235.0,4715.0,29796.0,25214.0,22474.0,2740.0,3470.0,185.0
44,random_75,Pachysolen_tannophilus,27980.0,45150.0,13755.0,7565.0,5867.0,4086.0,25305.0,22278.0,20036.0,2242.0,3445.0,180.0
44,random_75,Saccharomycopsis_malanga,30243.0,50512.0,14717.0,8093.0,6391.0,4394.0,39693.0,24065.0,21836.0,2229.0,3920.0,206.0
44,random_75,Sporopachydermia_quercuum,26835.0,43330.0,13138.0,7128.0,5494.0,3916.0,29353.0,21425.0,19298.0,2127.0,3261.0,169.0
44,random_75,Tortispora_caseinolytica,20087.0,32277.0,9955.0,5343.0,4124.0,3005.0,26798.0,16201.0,14587.0,1614.0,2259.0,132.0
44,random_75,Torulaspora_delbrueckii,24734.0,40005.0,12250.0,6830.0,5268.0,3671.0,28477.0,19698.0,17636.0,2062.0,2968.0,172.0
44,random_75,Wickerhamomyces_ciferrii,30525.0,49339.0,14993.0,8378.0,6529.0,4535.0,34250.0,24389.0,21874.0,2515.0,3591.0,201.0
44,random_75,Yarrowia_deformans,27988.0,44344.0,13675.0,7561.0,5797.0,4166.0,34392.0,22477.0,19911.0,2566.0,2910.0,149.0
45,random_0,Alloascoidea_hylecoeti,25301.0,36389.0,14489.0,6914.0,6891.0,5512.0,76330.0,19808.0,19005.0,803.0,4692.0,227.0
45,random_0,Debaryomyces_hansenii,18717.0,27280.0,11029.0,5130.0,5111.0,4182.0,73864.0,15069.0,15049.0,20.0,3630.0,191.0
45,random_0,Hanseniaspora_vinae,14983.0,21830.0,8871.0,4061.0,4046.0,3380.0,68181.0,11743.0,11353.0,390.0,2851.0,179.0
45,random_0,Komagataella_pastoris,14030.0,20282.0,8432.0,3768.0,3744.0,3273.0,69988.0,11049.0,10753.0,296.0,2686.0,153.0
45,random_0,Lipomyces_starkeyi,17268.0,24889.0,10318.0,4651.0,4625.0,4020.0,67640.0,13540.0,13182.0,358.0,3371.0,189.0
45,random_0,Neurospora_crassa,18558.0,26120.0,11013.0,4803.0,4781.0,4523.0,75221.0,14670.0,14238.0,432.0,3457.0,179.0
45,random_0,Pachysolen_tannophilus,17249.0,24983.0,10274.0,4656.0,4636.0,3955.0,64541.0,13428.0,13049.0,379.0,3441.0,179.0
45,random_0,Saccharomycopsis_malanga,19021.0,27867.0,11187.0,5181.0,5162.0,4238.0,73094.0,14697.0,14283.0,414.0,3911.0,202.0
45,random_0,Sporopachydermia_quercuum,16355.0,23512.0,9768.0,4352.0,4331.0,3872.0,70637.0,12772.0,12440.0,332.0,3252.0,164.0
45,random_0,Tortispora_caseinolytica,12333.0,17761.0,7457.0,3277.0,3256.0,3023.0,67949.0,9797.0,9511.0,286.0,2252.0,128.0
45,random_0,Torulaspora_delbrueckii,15493.0,22424.0,9266.0,4233.0,4174.0,3621.0,65515.0,12095.0,11661.0,434.0,2965.0,167.0
45,random_0,Wickerhamomyces_ciferrii,19259.0,27560.0,11368.0,5196.0,5176.0,4428.0,73398.0,15142.0,14605.0,537.0,3581.0,199.0
45,random_0,Yarrowia_deformans,17143.0,24424.0,10144.0,4517.0,4502.0,4148.0,77539.0,13680.0,13121.0,559.0,2905.0,146.0
45,random_100,Alloascoidea_hylecoeti,45473.0,76117.0,20916.0,12533.0,9307.0,5973.0,21953.0,36365.0,32011.0,4354.0,4712.0,237.0
45,random_100,Debaryomyces_hansenii,33620.0,56910.0,15748.0,9058.0,6801.0,4453.0,18437.0,27959.0,25940.0,2019.0,3638.0,197.0
45,random_100,Hanseniaspora_vinae,26559.0,44682.0,12556.0,7209.0,5385.0,3496.0,16508.0,21293.0,18907.0,2386.0,2860.0,184.0
45,random_100,Komagataella_pastoris,25405.0,42136.0,12086.0,6835.0,5028.0,3311.0,14957.0,20415.0,18147.0,2268.0,2693.0,157.0
45,random_100,Lipomyces_starkeyi,31957.0,53033.0,15013.0,8498.0,6230.0,4138.0,25391.0,25587.0,22633.0,2954.0,3388.0,195.0
45,random_100,Neurospora_crassa,35236.0,57230.0,16432.0,9303.0,6674.0,4778.0,25520.0,28315.0,24906.0,3409.0,3474.0,185.0
45,random_100,Pachysolen_tannophilus,31400.0,52415.0,14806.0,8436.0,6244.0,4153.0,23023.0,25111.0,22297.0,2814.0,3446.0,182.0
45,random_100,Saccharomycopsis_malanga,34696.0,59861.0,16088.0,9161.0,6850.0,4465.0,19178.0,27776.0,24809.0,2967.0,3918.0,206.0
45,random_100,Sporopachydermia_quercuum,29936.0,49724.0,14133.0,8001.0,5866.0,3976.0,21425.0,23957.0,21270.0,2687.0,3262.0,169.0
45,random_100,Tortispora_caseinolytica,22536.0,37403.0,10718.0,5953.0,4380.0,3023.0,20060.0,18231.0,16203.0,2028.0,2259.0,132.0
45,random_100,Torulaspora_delbrueckii,28063.0,46888.0,13293.0,7682.0,5636.0,3715.0,22391.0,22389.0,19718.0,2671.0,2974.0,172.0
45,random_100,Wickerhamomyces_ciferrii,34979.0,58016.0,16406.0,9521.0,7022.0,4640.0,24108.0,28049.0,24744.0,3305.0,3588.0,203.0
45,random_100,Yarrowia_deformans,31538.0,51646.0,14791.0,8569.0,6234.0,4202.0,27304.0,25356.0,22128.0,3228.0,2913.0,150.0
45,random_25,Alloascoidea_hylecoeti,30196.0,45091.0,16117.0,8516.0,7571.0,5563.0,65070.0,23779.0,22056.0,1723.0,4692.0,227.0
45,random_25,Debaryomyces_hansenii,23212.0,35154.0,12504.0,6377.0,5624.0,4251.0,59738.0,18915.0,18250.0,665.0,3634.0,195.0
45,random_25,Hanseniaspora_vinae,18119.0,27392.0,9893.0,4869.0,4380.0,3391.0,51063.0,14327.0,13394.0,933.0,2856.0,182.0
45,random_25,Komagataella_pastoris,17014.0,25444.0,9416.0,4594.0,4094.0,3247.0,53175.0,13494.0,12673.0,821.0,2689.0,155.0
45,random_25,Lipomyces_starkeyi,20799.0,31315.0,11458.0,5569.0,5013.0,4039.0,59218.0,16466.0,15525.0,941.0,3381.0,193.0
45,random_25,Neurospora_crassa,23334.0,34386.0,12578.0,6055.0,5297.0,4595.0,57659.0,18645.0,17412.0,1233.0,3457.0,179.0
45,random_25,Pachysolen_tannophilus,21081.0,31817.0,11522.0,5682.0,5057.0,4018.0,54817.0,16627.0,15619.0,1008.0,3444.0,181.0
45,random_25,Saccharomycopsis_malanga,23251.0,35573.0,12548.0,6254.0,5606.0,4294.0,57927.0,18235.0,17135.0,1100.0,3914.0,204.0
45,random_25,Sporopachydermia_quercuum,19852.0,29448.0,10940.0,5334.0,4749.0,3875.0,61952.0,15661.0,14722.0,939.0,3253.0,164.0
45,random_25,Tortispora_caseinolytica,15184.0,22631.0,8400.0,4034.0,3573.0,3031.0,49695.0,12184.0,11440.0,744.0,2255.0,130.0
45,random_25,Torulaspora_delbrueckii,18871.0,28624.0,10362.0,5162.0,4556.0,3664.0,55845.0,14878.0,13850.0,1028.0,2965.0,167.0
45,random_25,Wickerhamomyces_ciferrii,24040.0,35714.0,12955.0,6524.0,5727.0,4490.0,60872.0,19045.0,17632.0,1413.0,3581.0,199.0
45,random_25,Yarrowia_deformans,21155.0,31108.0,11466.0,5570.0,4955.0,4123.0,55685.0,17009.0,15774.0,1235.0,2905.0,146.0
45,random_50,Alloascoidea_hylecoeti,36248.0,56469.0,18073.0,10209.0,8306.0,5693.0,44422.0,28694.0,25842.0,2852.0,4692.0,227.0
45,random_50,Debaryomyces_hansenii,26614.0,42082.0,13574.0,7251.0,6011.0,4294.0,37399.0,21868.0,20766.0,1102.0,3638.0,197.0
45,random_50,Hanseniaspora_vinae,21015.0,33156.0,10803.0,5630.0,4691.0,3441.0,42266.0,16722.0,15294.0,1428.0,2856.0,182.0
45,random_50,Komagataella_pastoris,19958.0,30972.0,10360.0,5351.0,4408.0,3261.0,41393.0,15893.0,14542.0,1351.0,2693.0,157.0
45,random_50,Lipomyces_starkeyi,24380.0,38161.0,12624.0,6609.0,5435.0,4086.0,45582.0,19385.0,17786.0,1599.0,3381.0,193.0
45,random_50,Neurospora_crassa,27556.0,42292.0,13951.0,7207.0,5786.0,4665.0,45949.0,22041.0,20019.0,2022.0,3473.0,185.0
45,random_50,Pachysolen_tannophilus,24487.0,38291.0,12618.0,6588.0,5440.0,4038.0,41245.0,19431.0,17827.0,1604.0,3444.0,181.0
45,random_50,Saccharomycopsis_malanga,27108.0,43497.0,13759.0,7252.0,6037.0,4360.0,45574.0,21489.0,19790.0,1699.0,3914.0,204.0
45,random_50,Sporopachydermia_quercuum,23448.0,36532.0,12089.0,6327.0,5157.0,3912.0,40263.0,18584.0,16992.0,1592.0,3258.0,167.0
45,random_50,Tortispora_caseinolytica,17522.0,27183.0,9151.0,4687.0,3849.0,3004.0,39774.0,14103.0,12943.0,1160.0,2255.0,130.0
45,random_50,Torulaspora_delbrueckii,22004.0,34592.0,11358.0,5909.0,4870.0,3645.0,41588.0,17499.0,15959.0,1540.0,2965.0,167.0
45,random_50,Wickerhamomyces_ciferrii,28223.0,43808.0,14281.0,7679.0,6223.0,4534.0,49837.0,22451.0,20281.0,2170.0,3584.0,201.0
45,random_50,Yarrowia_deformans,24809.0,38164.0,12634.0,6593.0,5376.0,4143.0,47810.0,19920.0,17951.0,1969.0,2908.0,148.0
45,random_75,Alloascoidea_hylecoeti,40789.0,65727.0,19481.0,11350.0,8800.0,5810.0,36276.0,32476.0,28868.0,3608.0,4692.0,227.0
45,random_75,Debaryomyces_hansenii,29899.0,49212.0,14586.0,8133.0,6403.0,4319.0,32659.0,24712.0,23167.0,1545.0,3638.0,197.0
45,random_75,Hanseniaspora_vinae,23966.0,38988.0,11761.0,6541.0,5087.0,3447.0,26877.0,19107.0,17129.0,1978.0,2860.0,184.0
45,random_75,Komagataella_pastoris,22682.0,36368.0,11237.0,6095.0,4719.0,3322.0,28471.0,18160.0,16355.0,1805.0,2693.0,157.0
45,random_75,Lipomyces_starkeyi,27972.0,45229.0,13759.0,7508.0,5822.0,4110.0,35980.0,22358.0,20159.0,2199.0,3385.0,195.0
45,random_75,Neurospora_crassa,31086.0,49210.0,15102.0,8221.0,6215.0,4709.0,32045.0,24952.0,22321.0,2631.0,3473.0,185.0
45,random_75,Pachysolen_tannophilus,27970.0,45285.0,13712.0,7476.0,5831.0,4069.0,32931.0,22307.0,20102.0,2205.0,3444.0,181.0
45,random_75,Saccharomycopsis_malanga,30932.0,51787.0,14925.0,8247.0,6469.0,4391.0,29530.0,24666.0,22338.0,2328.0,3914.0,204.0
45,random_75,Sporopachydermia_quercuum,26484.0,42862.0,13038.0,7125.0,5500.0,3934.0,31702.0,21096.0,18994.0,2102.0,3262.0,169.0
45,random_75,Tortispora_caseinolytica,19948.0,32001.0,9915.0,5293.0,4109.0,2981.0,26613.0,16114.0,14552.0,1562.0,2259.0,132.0
45,random_75,Torulaspora_delbrueckii,25305.0,41002.0,12425.0,6883.0,5300.0,3682.0,24681.0,20157.0,18000.0,2157.0,2974.0,172.0
45,random_75,Wickerhamomyces_ciferrii,31514.0,50750.0,15312.0,8549.0,6609.0,4582.0,33578.0,25204.0,22496.0,2708.0,3584.0,201.0
45,random_75,Yarrowia_deformans,28438.0,45292.0,13794.0,7590.0,5806.0,4195.0,34214.0,22858.0,20223.0,2635.0,2913.0,150.0
46,random_0,Alloascoidea_hylecoeti,25301.0,36389.0,14489.0,6914.0,6891.0,5512.0,76204.0,19808.0,19005.0,803.0,4692.0,227.0
46,random_0,Debaryomyces_hansenii,18717.0,27280.0,11029.0,5130.0,5111.0,4182.0,73900.0,15069.0,15049.0,20.0,3630.0,191.0
46,random_0,Hanseniaspora_vinae,14981.0,21828.0,8869.0,4059.0,4044.0,3380.0,67084.0,11742.0,11353.0,389.0,2851.0,179.0
46,random_0,Komagataella_pastoris,14014.0,20260.0,8418.0,3752.0,3731.0,3270.0,70088.0,11041.0,10749.0,292.0,2682.0,153.0
46,random_0,Lipomyces_starkeyi,17282.0,24904.0,10326.0,4665.0,4627.0,4024.0,70151.0,13546.0,13184.0,362.0,3375.0,190.0
46,random_0,Neurospora_crassa,18558.0,26120.0,11013.0,4803.0,4781.0,4523.0,75455.0,14670.0,14238.0,432.0,3457.0,179.0
46,random_0,Pachysolen_tannophilus,17243.0,24975.0,10270.0,4650.0,4634.0,3952.0,64384.0,13426.0,13049.0,377.0,3441.0,179.0
46,random_0,Saccharomycopsis_malanga,19029.0,27876.0,11192.0,5189.0,5163.0,4243.0,73389.0,14700.0,14284.0,416.0,3913.0,202.0
46,random_0,Sporopachydermia_quercuum,16353.0,23510.0,9766.0,4350.0,4329.0,3872.0,70693.0,12771.0,12440.0,331.0,3252.0,164.0
46,random_0,Tortispora_caseinolytica,12347.0,17779.0,7470.0,3291.0,3266.0,3027.0,67998.0,9802.0,9511.0,291.0,2252.0,128.0
46,random_0,Torulaspora_delbrueckii,15495.0,22432.0,9269.0,4235.0,4179.0,3623.0,65978.0,12095.0,11657.0,438.0,2961.0,166.0
46,random_0,Wickerhamomyces_ciferrii,19249.0,27549.0,11360.0,5186.0,5170.0,4426.0,73843.0,15137.0,14603.0,534.0,3579.0,199.0
46,random_0,Yarrowia_deformans,17143.0,24424.0,10144.0,4517.0,4502.0,4148.0,76938.0,13677.0,13118.0,559.0,2908.0,154.0
46,random_100,Alloascoidea_hylecoeti,45473.0,76117.0,20916.0,12533.0,9307.0,5973.0,21406.0,36365.0,32011.0,4354.0,4712.0,237.0
46,random_100,Debaryomyces_hansenii,33620.0,56910.0,15748.0,9058.0,6801.0,4453.0,18545.0,27959.0,25940.0,2019.0,3638.0,197.0
46,random_100,Hanseniaspora_vinae,26557.0,44680.0,12554.0,7207.0,5383.0,3496.0,19604.0,21292.0,18907.0,2385.0,2860.0,184.0
46,random_100,Komagataella_pastoris,25362.0,42074.0,12063.0,6821.0,5020.0,3303.0,20848.0,20380.0,18116.0,2264.0,2689.0,157.0
46,random_100,Lipomyces_starkeyi,32006.0,53088.0,15036.0,8529.0,6239.0,4145.0,24998.0,25619.0,22652.0,2967.0,3392.0,196.0
46,random_100,Neurospora_crassa,35236.0,57230.0,16432.0,9303.0,6674.0,4778.0,25333.0,28315.0,24906.0,3409.0,3474.0,185.0
46,random_100,Pachysolen_tannophilus,31389.0,52401.0,14800.0,8431.0,6243.0,4149.0,18186.0,25101.0,22288.0,2813.0,3446.0,182.0
46,random_100,Saccharomycopsis_malanga,34719.0,59890.0,16098.0,9166.0,6850.0,4469.0,20268.0,27793.0,24822.0,2971.0,3920.0,206.0
46,random_100,Sporopachydermia_quercuum,29934.0,49722.0,14131.0,7999.0,5864.0,3976.0,20103.0,23956.0,21270.0,2686.0,3262.0,169.0
46,random_100,Tortispora_caseinolytica,22558.0,37431.0,10734.0,5963.0,4387.0,3030.0,16708.0,18251.0,16221.0,2030.0,2259.0,132.0
46,random_100,Torulaspora_delbrueckii,28072.0,46908.0,13299.0,7687.0,5638.0,3721.0,23406.0,22397.0,19721.0,2676.0,2970.0,171.0
46,random_100,Wickerhamomyces_ciferrii,34954.0,57985.0,16393.0,9514.0,7019.0,4637.0,19736.0,28028.0,24725.0,3303.0,3586.0,203.0
46,random_100,Yarrowia_deformans,31538.0,51646.0,14791.0,8569.0,6234.0,4202.0,28366.0,25353.0,22125.0,3228.0,2916.0,158.0
46,random_25,Alloascoidea_hylecoeti,30504.0,45771.0,16189.0,8393.0,7526.0,5626.0,62307.0,24074.0,22349.0,1725.0,4704.0,233.0
46,random_25,Debaryomyces_hansenii,23002.0,34898.0,12434.0,6261.0,5580.0,4306.0,61306.0,18789.0,18204.0,585.0,3630.0,191.0
46,random_25,Hanseniaspora_vinae,18232.0,27656.0,9923.0,4933.0,4419.0,3381.0,51099.0,14430.0,13493.0,937.0,2855.0,181.0
46,random_25,Komagataella_pastoris,17014.0,25640.0,9391.0,4547.0,4070.0,3251.0,53012.0,13548.0,12765.0,783.0,2682.0,153.0
46,random_25,Lipomyces_starkeyi,21252.0,31826.0,11613.0,5647.0,5033.0,4034.0,53234.0,16799.0,15748.0,1051.0,3392.0,196.0
46,random_25,Neurospora_crassa,23216.0,34074.0,12542.0,6007.0,5283.0,4590.0,61905.0,18489.0,17256.0,1233.0,3473.0,185.0
46,random_25,Pachysolen_tannophilus,21508.0,32215.0,11692.0,5831.0,5122.0,4006.0,47701.0,16965.0,15872.0,1093.0,3444.0,181.0
46,random_25,Saccharomycopsis_malanga,23386.0,35908.0,12576.0,6246.0,5614.0,4258.0,64019.0,18368.0,17263.0,1105.0,3913.0,202.0
46,random_25,Sporopachydermia_quercuum,19972.0,30238.0,10923.0,5276.0,4726.0,3888.0,63361.0,15793.0,14875.0,918.0,3257.0,167.0
46,random_25,Tortispora_caseinolytica,14976.0,22511.0,8322.0,3976.0,3556.0,3010.0,50766.0,11994.0,11278.0,716.0,2256.0,130.0
46,random_25,Torulaspora_delbrueckii,18857.0,28606.0,10350.0,5110.0,4546.0,3638.0,54390.0,14897.0,13902.0,995.0,2961.0,166.0
46,random_25,Wickerhamomyces_ciferrii,23305.0,34777.0,12696.0,6308.0,5652.0,4493.0,62161.0,18498.0,17275.0,1223.0,3582.0,201.0
46,random_25,Yarrowia_deformans,20757.0,30694.0,11350.0,5593.0,4962.0,4137.0,64337.0,16595.0,15354.0,1241.0,2911.0,156.0
46,random_50,Alloascoidea_hylecoeti,35547.0,56045.0,17781.0,9870.0,8193.0,5717.0,47085.0,28227.0,25615.0,2612.0,4704.0,233.0
46,random_50,Debaryomyces_hansenii,26314.0,41750.0,13477.0,7193.0,5986.0,4361.0,51259.0,21615.0,20548.0,1067.0,3634.0,195.0
46,random_50,Hanseniaspora_vinae,21309.0,33604.0,10893.0,5710.0,4752.0,3401.0,37884.0,17007.0,15572.0,1435.0,2855.0,181.0
46,random_50,Komagataella_pastoris,20078.0,31376.0,10390.0,5398.0,4425.0,3253.0,39255.0,16064.0,14734.0,1330.0,2682.0,153.0
46,random_50,Lipomyces_starkeyi,25395.0,39506.0,12932.0,6700.0,5470.0,4060.0,40237.0,20213.0,18445.0,1768.0,3392.0,196.0
46,random_50,Neurospora_crassa,27118.0,41328.0,13819.0,7128.0,5746.0,4630.0,45202.0,21685.0,19748.0,1937.0,3473.0,185.0
46,random_50,Pachysolen_tannophilus,24376.0,38001.0,12603.0,6611.0,5457.0,4026.0,33741.0,19345.0,17765.0,1580.0,3444.0,181.0
46,random_50,Saccharomycopsis_malanga,27255.0,43800.0,13783.0,7212.0,6022.0,4384.0,53244.0,21594.0,19870.0,1724.0,3920.0,206.0
46,random_50,Sporopachydermia_quercuum,23389.0,36732.0,12032.0,6227.0,5126.0,3886.0,42442.0,18599.0,17074.0,1525.0,3257.0,167.0
46,random_50,Tortispora_caseinolytica,17711.0,27729.0,9192.0,4695.0,3851.0,3011.0,42875.0,14252.0,13060.0,1192.0,2256.0,130.0
46,random_50,Torulaspora_delbrueckii,21949.0,34606.0,11359.0,6045.0,4938.0,3682.0,44321.0,17382.0,15801.0,1581.0,2970.0,171.0
46,random_50,Wickerhamomyces_ciferrii,26910.0,41897.0,13864.0,7425.0,6123.0,4524.0,50085.0,21437.0,19551.0,1886.0,3582.0,201.0
46,random_50,Yarrowia_deformans,24316.0,37536.0,12506.0,6656.0,5408.0,4193.0,46718.0,19503.0,17624.0,1879.0,2915.0,158.0
46,random_75,Alloascoidea_hylecoeti,40173.0,65735.0,19213.0,10996.0,8656.0,5831.0,33545.0,32081.0,28725.0,3356.0,4712.0,237.0
46,random_75,Debaryomyces_hansenii,29974.0,49092.0,14624.0,8104.0,6369.0,4378.0,31289.0,24805.0,23278.0,1527.0,3638.0,197.0
46,random_75,Hanseniaspora_vinae,23835.0,39066.0,11674.0,6382.0,5025.0,3459.0,29476.0,19066.0,17178.0,1888.0,2860.0,184.0
46,random_75,Komagataella_pastoris,22604.0,36650.0,11192.0,6097.0,4714.0,3270.0,26979.0,18134.0,16372.0,1762.0,2689.0,157.0
46,random_75,Lipomyces_starkeyi,28504.0,45934.0,13914.0,7568.0,5842.0,4060.0,24157.0,22759.0,20431.0,2328.0,3392.0,196.0
46,random_75,Neurospora_crassa,30798.0,48686.0,15024.0,8203.0,6197.0,4699.0,33511.0,24697.0,22094.0,2603.0,3474.0,185.0
46,random_75,Pachysolen_tannophilus,28286.0,45469.0,13852.0,7626.0,5891.0,4096.0,28117.0,22541.0,20262.0,2279.0,3446.0,182.0
46,random_75,Saccharomycopsis_malanga,30959.0,52042.0,14917.0,8179.0,6428.0,4413.0,36759.0,24699.0,22383.0,2316.0,3920.0,206.0
46,random_75,Sporopachydermia_quercuum,26982.0,43526.0,13195.0,7127.0,5491.0,3974.0,25834.0,21589.0,19462.0,2127.0,3258.0,167.0
46,random_75,Tortispora_caseinolytica,19916.0,32175.0,9897.0,5307.0,4107.0,3009.0,32453.0,16049.0,14456.0,1593.0,2259.0,132.0
46,random_75,Torulaspora_delbrueckii,24790.0,40164.0,12276.0,6839.0,5277.0,3683.0,34079.0,19719.0,17635.0,2084.0,2970.0,171.0
46,random_75,Wickerhamomyces_ciferrii,31509.0,50533.0,15348.0,8660.0,6640.0,4611.0,34605.0,25191.0,22474.0,2717.0,3586.0,203.0
46,random_75,Yarrowia_deformans,27431.0,43538.0,13502.0,7492.0,5759.0,4169.0,29698.0,22054.0,19614.0,2440.0,2915.0,158.0
47,random_0,Alloascoidea_hylecoeti,25301.0,36389.0,14489.0,6914.0,6891.0,5512.0,75902.0,19808.0,19005.0,803.0,4692.0,227.0
47,random_0,Debaryomyces_hansenii,18717.0,27280.0,11029.0,5130.0,5111.0,4182.0,73852.0,15069.0,15049.0,20.0,3630.0,191.0
47,random_0,Hanseniaspora_vinae,14987.0,21837.0,8874.0,4065.0,4048.0,3379.0,67091.0,11745.0,11355.0,390.0,2853.0,179.0
47,random_0,Komagataella_pastoris,14014.0,20260.0,8418.0,3752.0,3731.0,3270.0,70047.0,11041.0,10749.0,292.0,2682.0,153.0
47,random_0,Lipomyces_starkeyi,17279.0,24901.0,10326.0,4662.0,4632.0,4021.0,71301.0,13545.0,13185.0,360.0,3375.0,191.0
47,random_0,Neurospora_crassa,18558.0,26120.0,11013.0,4803.0,4781.0,4523.0,75578.0,14670.0,14238.0,432.0,3457.0,179.0
47,random_0,Pachysolen_tannophilus,17243.0,24975.0,10270.0,4650.0,4632.0,3953.0,64359.0,13423.0,13047.0,376.0,3445.0,179.0
47,random_0,Saccharomycopsis_malanga,19019.0,27865.0,11185.0,5179.0,5160.0,4238.0,77311.0,14696.0,14283.0,413.0,3911.0,202.0
47,random_0,Sporopachydermia_quercuum,16371.0,23532.0,9776.0,4368.0,4333.0,3877.0,74799.0,12780.0,12444.0,336.0,3256.0,164.0
47,random_0,Tortispora_caseinolytica,12333.0,17761.0,7457.0,3277.0,3256.0,3023.0,68042.0,9797.0,9511.0,286.0,2252.0,128.0
47,random_0,Torulaspora_delbrueckii,15452.0,22377.0,9234.0,4192.0,4151.0,3614.0,66032.0,12076.0,11648.0,428.0,2949.0,166.0
47,random_0,Wickerhamomyces_ciferrii,19253.0,27551.0,11364.0,5190.0,5173.0,4426.0,73599.0,15139.0,14605.0,534.0,3581.0,199.0
47,random_0,Yarrowia_deformans,17144.0,24429.0,10145.0,4518.0,4503.0,4147.0,77177.0,13686.0,13127.0,559.0,2900.0,145.0
47,random_100,Alloascoidea_hylecoeti,45473.0,76117.0,20916.0,12533.0,9307.0,5973.0,21667.0,36365.0,32011.0,4354.0,4712.0,237.0
47,random_100,Debaryomyces_hansenii,33620.0,56910.0,15748.0,9058.0,6801.0,4453.0,22679.0,27959.0,25940.0,2019.0,3638.0,197.0
47,random_100,Hanseniaspora_vinae,26566.0,44695.0,12560.0,7212.0,5386.0,3497.0,18127.0,21298.0,18912.0,2386.0,2862.0,184.0
47,random_100,Komagataella_pastoris,25362.0,42074.0,12063.0,6821.0,5020.0,3303.0,20726.0,20380.0,18116.0,2264.0,2689.0,157.0
47,random_100,Lipomyces_starkeyi,31969.0,53051.0,15021.0,8506.0,6235.0,4140.0,24734.0,25594.0,22639.0,2955.0,3392.0,197.0
47,random_100,Neurospora_crassa,35236.0,57230.0,16432.0,9303.0,6674.0,4778.0,25508.0,28315.0,24906.0,3409.0,3474.0,185.0
47,random_100,Pachysolen_tannophilus,31389.0,52401.0,14800.0,8431.0,6241.0,4150.0,23398.0,25098.0,22286.0,2812.0,3450.0,182.0
47,random_100,Saccharomycopsis_malanga,34694.0,59859.0,16086.0,9159.0,6848.0,4465.0,24113.0,27775.0,24809.0,2966.0,3918.0,206.0
47,random_100,Sporopachydermia_quercuum,29964.0,49784.0,14143.0,8007.0,5868.0,3981.0,24388.0,23981.0,21294.0,2687.0,3266.0,169.0
47,random_100,Tortispora_caseinolytica,22536.0,37403.0,10718.0,5953.0,4380.0,3023.0,14507.0,18231.0,16203.0,2028.0,2259.0,132.0
47,random_100,Torulaspora_delbrueckii,27993.0,46797.0,13251.0,7648.0,5621.0,3699.0,21960.0,22340.0,19674.0,2666.0,2958.0,171.0
47,random_100,Wickerhamomyces_ciferrii,34958.0,57987.0,16397.0,9518.0,7022.0,4637.0,21762.0,28030.0,24727.0,3303.0,3588.0,203.0
47,random_100,Yarrowia_deformans,31539.0,51651.0,14792.0,8570.0,6235.0,4201.0,18818.0,25362.0,22134.0,3228.0,2908.0,149.0
47,random_25,Alloascoidea_hylecoeti,31321.0,47143.0,16442.0,8565.0,7584.0,5620.0,59197.0,24749.0,22887.0,1862.0,4703.0,233.0
47,random_25,Debaryomyces_hansenii,22915.0,34826.0,12395.0,6254.0,5572.0,4221.0,61728.0,18694.0,18111.0,583.0,3634.0,193.0
47,random_25,Hanseniaspora_vinae,18115.0,27395.0,9884.0,4853.0,4375.0,3379.0,47483.0,14354.0,13445.0,909.0,2853.0,179.0
47,random_25,Komagataella_pastoris,17125.0,25600.0,9457.0,4639.0,4100.0,3277.0,59205.0,13594.0,12748.0,846.0,2682.0,153.0
47,random_25,Lipomyces_starkeyi,20694.0,31003.0,11437.0,5585.0,5020.0,4016.0,59736.0,16367.0,15420.0,947.0,3381.0,193.0
47,random_25,Neurospora_crassa,22713.0,33536.0,12369.0,5907.0,5234.0,4604.0,69039.0,18078.0,16911.0,1167.0,3461.0,181.0
47,random_25,Pachysolen_tannophilus,20734.0,31343.0,11382.0,5516.0,4996.0,3988.0,55807.0,16347.0,15407.0,940.0,3445.0,179.0
47,random_25,Saccharomycopsis_malanga,23123.0,35249.0,12493.0,6152.0,5574.0,4263.0,62645.0,18152.0,17093.0,1059.0,3911.0,202.0
47,random_25,Sporopachydermia_quercuum,19761.0,29368.0,10895.0,5265.0,4710.0,3883.0,61081.0,15596.0,14687.0,909.0,3256.0,164.0
47,random_25,Tortispora_caseinolytica,14925.0,22587.0,8281.0,3911.0,3521.0,3038.0,59213.0,12007.0,11339.0,668.0,2252.0,128.0
47,random_25,Torulaspora_delbrueckii,19198.0,29129.0,10443.0,5163.0,4547.0,3642.0,50279.0,15142.0,14045.0,1097.0,2954.0,169.0
47,random_25,Wickerhamomyces_ciferrii,23932.0,35613.0,12914.0,6510.0,5730.0,4476.0,61828.0,18994.0,17649.0,1345.0,3585.0,201.0
47,random_25,Yarrowia_deformans,20734.0,30623.0,11345.0,5574.0,4957.0,4143.0,67388.0,16595.0,15360.0,1235.0,2904.0,147.0
47,random_50,Alloascoidea_hylecoeti,36102.0,56497.0,17986.0,9968.0,8205.0,5705.0,43114.0,28705.0,26018.0,2687.0,4703.0,233.0
47,random_50,Debaryomyces_hansenii,26758.0,42396.0,13606.0,7270.0,6011.0,4269.0,41532.0,22023.0,20926.0,1097.0,3634.0,193.0
47,random_50,Hanseniaspora_vinae,21256.0,33579.0,10878.0,5678.0,4730.0,3397.0,38086.0,16954.0,15510.0,1444.0,2853.0,179.0
47,random_50,Komagataella_pastoris,19790.0,30794.0,10296.0,5315.0,4389.0,3276.0,38677.0,15801.0,14520.0,1281.0,2689.0,157.0
47,random_50,Lipomyces_starkeyi,24288.0,37811.0,12599.0,6525.0,5415.0,4074.0,42865.0,19337.0,17776.0,1561.0,3385.0,195.0
47,random_50,Neurospora_crassa,27421.0,41960.0,13905.0,7152.0,5750.0,4644.0,51968.0,21919.0,19917.0,2002.0,3470.0,185.0
47,random_50,Pachysolen_tannophilus,24474.0,38417.0,12587.0,6523.0,5440.0,4031.0,42228.0,19450.0,17877.0,1573.0,3445.0,179.0
47,random_50,Saccharomycopsis_malanga,27144.0,43489.0,13764.0,7228.0,6011.0,4335.0,46812.0,21464.0,19714.0,1750.0,3914.0,204.0
47,random_50,Sporopachydermia_quercuum,23338.0,36110.0,12031.0,6143.0,5079.0,3900.0,48028.0,18559.0,17058.0,1501.0,3265.0,169.0
47,random_50,Tortispora_caseinolytica,17455.0,27327.0,9109.0,4629.0,3829.0,3019.0,45993.0,14072.0,12946.0,1126.0,2255.0,130.0
47,random_50,Torulaspora_delbrueckii,22074.0,34741.0,11369.0,6003.0,4898.0,3627.0,39667.0,17469.0,15830.0,1639.0,2954.0,169.0
47,random_50,Wickerhamomyces_ciferrii,28117.0,43571.0,14221.0,7464.0,6130.0,4499.0,46632.0,22481.0,20438.0,2043.0,3585.0,201.0
47,random_50,Yarrowia_deformans,24293.0,37221.0,12507.0,6642.0,5396.0,4136.0,51240.0,19469.0,17565.0,1904.0,2904.0,147.0
47,random_75,Alloascoidea_hylecoeti,41611.0,67025.0,19746.0,11572.0,8895.0,5809.0,32413.0,33091.0,29304.0,3787.0,4704.0,233.0
47,random_75,Debaryomyces_hansenii,30401.0,49972.0,14737.0,8227.0,6437.0,4336.0,31938.0,25162.0,23565.0,1597.0,3638.0,197.0
47,random_75,Hanseniaspora_vinae,24090.0,39345.0,11783.0,6469.0,5062.0,3435.0,28385.0,19306.0,17380.0,1926.0,2853.0,179.0
47,random_75,Komagataella_pastoris,22569.0,36424.0,11181.0,6087.0,4715.0,3284.0,28328.0,18081.0,16302.0,1779.0,2689.0,157.0
47,random_75,Lipomyces_starkeyi,27663.0,44889.0,13666.0,7485.0,5805.0,4107.0,33779.0,22111.0,19968.0,2143.0,3389.0,197.0
47,random_75,Neurospora_crassa,31124.0,49074.0,15116.0,8230.0,6215.0,4642.0,37740.0,24918.0,22221.0,2697.0,3474.0,185.0
47,random_75,Pachysolen_tannophilus,28033.0,45525.0,13733.0,7549.0,5865.0,4052.0,28399.0,22339.0,20109.0,2230.0,3447.0,180.0
47,random_75,Saccharomycopsis_malanga,30722.0,50899.0,14890.0,8163.0,6414.0,4416.0,33433.0,24449.0,22116.0,2333.0,3914.0,204.0
47,random_75,Sporopachydermia_quercuum,26742.0,42820.0,13136.0,7162.0,5509.0,3918.0,29966.0,21336.0,19212.0,2124.0,3266.0,169.0
47,random_75,Tortispora_caseinolytica,19802.0,32127.0,9850.0,5258.0,4088.0,3028.0,32642.0,16022.0,14510.0,1512.0,2259.0,132.0
47,random_75,Torulaspora_delbrueckii,24885.0,40497.0,12262.0,6785.0,5251.0,3643.0,33600.0,19806.0,17693.0,2113.0,2954.0,169.0
47,random_75,Wickerhamomyces_ciferrii,31588.0,50743.0,15338.0,8525.0,6599.0,4578.0,38353.0,25320.0,22654.0,2666.0,3585.0,201.0
47,random_75,Yarrowia_deformans,28552.0,45207.0,13872.0,7772.0,5882.0,4171.0,37156.0,22881.0,20145.0,2736.0,2904.0,147.0
48,random_0,Alloascoidea_hylecoeti,25301.0,36389.0,14489.0,6914.0,6891.0,5512.0,76125.0,19808.0,19005.0,803.0,4692.0,227.0
48,random_0,Debaryomyces_hansenii,18717.0,27280.0,11029.0,5130.0,5111.0,4182.0,73675.0,15069.0,15049.0,20.0,3630.0,191.0
48,random_0,Hanseniaspora_vinae,15022.0,21875.0,8899.0,4100.0,4063.0,3393.0,67091.0,11740.0,11336.0,404.0,2877.0,196.0
48,random_0,Komagataella_pastoris,14014.0,20260.0,8418.0,3752.0,3731.0,3270.0,69768.0,11041.0,10749.0,292.0,2682.0,153.0
48,random_0,Lipomyces_starkeyi,17268.0,24889.0,10318.0,4651.0,4625.0,4020.0,71399.0,13540.0,13182.0,358.0,3371.0,189.0
48,random_0,Neurospora_crassa,18558.0,26120.0,11013.0,4803.0,4781.0,4523.0,75979.0,14670.0,14238.0,432.0,3457.0,179.0
48,random_0,Pachysolen_tannophilus,17241.0,24973.0,10268.0,4648.0,4632.0,3952.0,64385.0,13425.0,13049.0,376.0,3441.0,179.0
48,random_0,Saccharomycopsis_malanga,19025.0,27874.0,11190.0,5185.0,5164.0,4238.0,73243.0,14699.0,14285.0,414.0,3913.0,202.0
48,random_0,Sporopachydermia_quercuum,16353.0,23510.0,9766.0,4350.0,4329.0,3872.0,70725.0,12771.0,12440.0,331.0,3252.0,164.0
48,random_0,Tortispora_caseinolytica,12333.0,17761.0,7457.0,3277.0,3256.0,3023.0,67948.0,9797.0,9511.0,286.0,2252.0,128.0
48,random_0,Torulaspora_delbrueckii,15489.0,22423.0,9261.0,4229.0,4164.0,3621.0,65976.0,12085.0,11646.0,439.0,2966.0,172.0
48,random_0,Wickerhamomyces_ciferrii,19249.0,27549.0,11360.0,5186.0,5170.0,4426.0,77129.0,15137.0,14603.0,534.0,3579.0,199.0
48,random_0,Yarrowia_deformans,17144.0,24425.0,10145.0,4518.0,4503.0,4148.0,77068.0,13687.0,13127.0,560.0,2898.0,145.0
48,random_100,Alloascoidea_hylecoeti,45473.0,76117.0,20916.0,12533.0,9307.0,5973.0,24943.0,36365.0,32011.0,4354.0,4712.0,237.0
48,random_100,Debaryomyces_hansenii,33620.0,56910.0,15748.0,9058.0,6801.0,4453.0,18167.0,27959.0,25940.0,2019.0,3638.0,197.0
48,random_100,Hanseniaspora_vinae,26623.0,44757.0,12594.0,7243.0,5399.0,3516.0,17042.0,21318.0,18919.0,2399.0,2886.0,201.0
48,random_100,Komagataella_pastoris,25362.0,42074.0,12063.0,6821.0,5020.0,3303.0,15409.0,20380.0,18116.0,2264.0,2689.0,157.0
48,random_100,Lipomyces_starkeyi,31957.0,53033.0,15013.0,8498.0,6230.0,4138.0,24455.0,25587.0,22633.0,2954.0,3388.0,195.0
48,random_100,Neurospora_crassa,35236.0,57230.0,16432.0,9303.0,6674.0,4778.0,19092.0,28315.0,24906.0,3409.0,3474.0,185.0
48,random_100,Pachysolen_tannophilus,31387.0,52399.0,14798.0,8429.0,6241.0,4149.0,17521.0,25100.0,22288.0,2812.0,3446.0,182.0
48,random_100,Saccharomycopsis_malanga,34703.0,59874.0,16092.0,9164.0,6851.0,4467.0,19826.0,27781.0,24814.0,2967.0,3920.0,206.0
48,random_100,Sporopachydermia_quercuum,29934.0,49722.0,14131.0,7999.0,5864.0,3976.0,17567.0,23956.0,21270.0,2686.0,3262.0,169.0
48,random_100,Tortispora_caseinolytica,22536.0,37403.0,10718.0,5953.0,4380.0,3023.0,21656.0,18231.0,16203.0,2028.0,2259.0,132.0
48,random_100,Torulaspora_delbrueckii,28090.0,46929.0,13300.0,7695.0,5639.0,3711.0,22967.0,22402.0,19718.0,2684.0,2975.0,177.0
48,random_100,Wickerhamomyces_ciferrii,34954.0,57985.0,16393.0,9514.0,7019.0,4637.0,24116.0,28028.0,24725.0,3303.0,3586.0,203.0
48,random_100,Yarrowia_deformans,31539.0,51647.0,14792.0,8570.0,6235.0,4202.0,18904.0,25363.0,22134.0,3229.0,2906.0,149.0
48,random_25,Alloascoidea_hylecoeti,30906.0,46789.0,16255.0,8318.0,7499.0,5628.0,63892.0,24543.0,22870.0,1673.0,4692.0,227.0
48,random_25,Debaryomyces_hansenii,22917.0,34584.0,12413.0,6278.0,5594.0,4245.0,61267.0,18688.0,18087.0,601.0,3630.0,191.0
48,random_25,Hanseniaspora_vinae,18227.0,27767.0,9946.0,5009.0,4443.0,3417.0,56331.0,14372.0,13400.0,972.0,2882.0,199.0
48,random_25,Komagataella_pastoris,17359.0,26030.0,9514.0,4628.0,4094.0,3273.0,57093.0,13805.0,12935.0,870.0,2685.0,155.0
48,random_25,Lipomyces_starkeyi,21027.0,31609.0,11536.0,5616.0,5029.0,4093.0,61064.0,16671.0,15690.0,981.0,3375.0,191.0
48,random_25,Neurospora_crassa,23101.0,33986.0,12487.0,5926.0,5255.0,4564.0,61882.0,18418.0,17196.0,1222.0,3457.0,179.0
48,random_25,Pachysolen_tannophilus,20824.0,31555.0,11422.0,5557.0,5018.0,3994.0,52124.0,16450.0,15517.0,933.0,3441.0,179.0
48,random_25,Saccharomycopsis_malanga,23380.0,35510.0,12616.0,6278.0,5631.0,4294.0,64821.0,18361.0,17256.0,1105.0,3913.0,202.0
48,random_25,Sporopachydermia_quercuum,19956.0,29742.0,10955.0,5323.0,4731.0,3893.0,52984.0,15759.0,14817.0,942.0,3252.0,164.0
48,random_25,Tortispora_caseinolytica,14923.0,22447.0,8296.0,3941.0,3537.0,3028.0,60393.0,11961.0,11252.0,709.0,2252.0,128.0
48,random_25,Torulaspora_delbrueckii,18649.0,28117.0,10293.0,5077.0,4524.0,3646.0,55705.0,14696.0,13728.0,968.0,2975.0,177.0
48,random_25,Wickerhamomyces_ciferrii,23462.0,35037.0,12743.0,6324.0,5633.0,4504.0,61986.0,18605.0,17343.0,1262.0,3583.0,201.0
48,random_25,Yarrowia_deformans,20783.0,30743.0,11352.0,5516.0,4928.0,4214.0,62153.0,16684.0,15487.0,1197.0,2901.0,147.0
48,random_50,Alloascoidea_hylecoeti,35718.0,56089.0,17818.0,9680.0,8083.0,5756.0,54765.0,28440.0,25867.0,2573.0,4704.0,233.0
48,random_50,Debaryomyces_hansenii,26871.0,42426.0,13649.0,7230.0,6004.0,4311.0,46662.0,22138.0,21049.0,1089.0,3638.0,197.0
48,random_50,Hanseniaspora_vinae,20975.0,33193.0,10819.0,5755.0,4771.0,3436.0,42470.0,16620.0,15160.0,1460.0,2882.0,199.0
48,random_50,Komagataella_pastoris,20229.0,31544.0,10437.0,5407.0,4411.0,3296.0,39829.0,16184.0,14827.0,1357.0,2685.0,155.0
48,random_50,Lipomyces_starkeyi,24360.0,38329.0,12592.0,6525.0,5409.0,4055.0,46466.0,19399.0,17836.0,1563.0,3388.0,195.0
48,random_50,Neurospora_crassa,27140.0,41552.0,13831.0,7145.0,5768.0,4669.0,47524.0,21732.0,19811.0,1921.0,3465.0,183.0
48,random_50,Pachysolen_tannophilus,24758.0,38831.0,12708.0,6664.0,5472.0,4044.0,41215.0,19642.0,17982.0,1660.0,3444.0,181.0
48,random_50,Saccharomycopsis_malanga,27596.0,44046.0,13927.0,7343.0,6078.0,4342.0,47619.0,21857.0,20042.0,1815.0,3916.0,204.0
48,random_50,Sporopachydermia_quercuum,23080.0,36216.0,11919.0,6085.0,5065.0,3905.0,39359.0,18377.0,16936.0,1441.0,3253.0,164.0
48,random_50,Tortispora_caseinolytica,17455.0,27291.0,9112.0,4635.0,3828.0,2975.0,42624.0,14043.0,12897.0,1146.0,2259.0,132.0
48,random_50,Torulaspora_delbrueckii,22068.0,34715.0,11386.0,6032.0,4917.0,3643.0,41764.0,17491.0,15904.0,1587.0,2975.0,177.0
48,random_50,Wickerhamomyces_ciferrii,27379.0,42641.0,13983.0,7377.0,6086.0,4506.0,49501.0,21835.0,19888.0,1947.0,3583.0,201.0
48,random_50,Yarrowia_deformans,24528.0,37735.0,12559.0,6547.0,5363.0,4201.0,48301.0,19729.0,17836.0,1893.0,2901.0,147.0
48,random_75,Alloascoidea_hylecoeti,40291.0,65829.0,19267.0,11115.0,8706.0,5862.0,40504.0,32176.0,28766.0,3410.0,4704.0,233.0
48,random_75,Debaryomyces_hansenii,30374.0,49896.0,14721.0,8119.0,6393.0,4352.0,32564.0,25183.0,23634.0,1549.0,3638.0,197.0
48,random_75,Hanseniaspora_vinae,23733.0,38933.0,11685.0,6490.0,5081.0,3459.0,34186.0,18929.0,17033.0,1896.0,2886.0,201.0
48,random_75,Komagataella_pastoris,23147.0,37384.0,11360.0,6197.0,4750.0,3265.0,27076.0,18568.0,16701.0,1867.0,2689.0,157.0
48,random_75,Lipomyces_starkeyi,28999.0,46785.0,14079.0,7695.0,5885.0,4101.0,31045.0,23160.0,20728.0,2432.0,3388.0,195.0
48,random_75,Neurospora_crassa,31245.0,49494.0,15159.0,8263.0,6248.0,4722.0,37797.0,25039.0,22337.0,2702.0,3473.0,185.0
48,random_75,Pachysolen_tannophilus,28282.0,45817.0,13818.0,7570.0,5875.0,4093.0,31949.0,22553.0,20290.0,2263.0,3446.0,182.0
48,random_75,Saccharomycopsis_malanga,31161.0,51816.0,15014.0,8235.0,6459.0,4382.0,35038.0,24818.0,22429.0,2389.0,3920.0,206.0
48,random_75,Sporopachydermia_quercuum,26456.0,42922.0,13001.0,7027.0,5460.0,3914.0,32654.0,21140.0,19102.0,2038.0,3258.0,167.0
48,random_75,Tortispora_caseinolytica,20338.0,32717.0,10032.0,5358.0,4129.0,2985.0,28032.0,16421.0,14774.0,1647.0,2259.0,132.0
48,random_75,Torulaspora_delbrueckii,24918.0,40643.0,12280.0,6822.0,5260.0,3651.0,32370.0,19834.0,17742.0,2092.0,2975.0,177.0
48,random_75,Wickerhamomyces_ciferrii,30738.0,49519.0,15072.0,8399.0,6529.0,4556.0,37399.0,24555.0,21973.0,2582.0,3586.0,203.0
48,random_75,Yarrowia_deformans,28143.0,44923.0,13696.0,7563.0,5801.0,4162.0,36937.0,22623.0,20037.0,2586.0,2905.0,149.0
49,random_0,Alloascoidea_hylecoeti,25302.0,36390.0,14490.0,6915.0,6892.0,5512.0,79267.0,19798.0,18995.0,803.0,4703.0,236.0
49,random_0,Debaryomyces_hansenii,18717.0,27280.0,11029.0,5130.0,5111.0,4182.0,73549.0,15069.0,15049.0,20.0,3630.0,191.0
49,random_0,Hanseniaspora_vinae,14991.0,21841.0,8878.0,4069.0,4052.0,3383.0,67088.0,11748.0,11357.0,391.0,2853.0,179.0
49,random_0,Komagataella_pastoris,14014.0,20260.0,8418.0,3752.0,3731.0,3270.0,70912.0,11041.0,10749.0,292.0,2682.0,153.0
49,random_0,Lipomyces_starkeyi,17268.0,24889.0,10318.0,4651.0,4625.0,4020.0,67863.0,13540.0,13182.0,358.0,3371.0,189.0
49,random_0,Neurospora_crassa,18558.0,26120.0,11013.0,4803.0,4781.0,4523.0,75468.0,14670.0,14238.0,432.0,3457.0,179.0
49,random_0,Pachysolen_tannophilus,17250.0,24978.0,10269.0,4657.0,4632.0,3951.0,64323.0,13429.0,13053.0,376.0,3446.0,179.0
49,random_0,Saccharomycopsis_malanga,19019.0,27865.0,11185.0,5179.0,5160.0,4238.0,73203.0,14696.0,14283.0,413.0,3911.0,202.0
49,random_0,Sporopachydermia_quercuum,16353.0,23510.0,9766.0,4350.0,4329.0,3872.0,70828.0,12771.0,12440.0,331.0,3252.0,164.0
49,random_0,Tortispora_caseinolytica,12333.0,17761.0,7457.0,3277.0,3256.0,3023.0,67973.0,9797.0,9511.0,286.0,2252.0,128.0
49,random_0,Torulaspora_delbrueckii,15487.0,22429.0,9264.0,4219.0,4175.0,3620.0,65965.0,12100.0,11666.0,434.0,2953.0,166.0
49,random_0,Wickerhamomyces_ciferrii,19249.0,27549.0,11360.0,5186.0,5170.0,4426.0,76872.0,15137.0,14603.0,534.0,3579.0,199.0
49,random_0,Yarrowia_deformans,17144.0,24425.0,10144.0,4518.0,4501.0,4149.0,76852.0,13666.0,13103.0,563.0,2916.0,162.0
49,random_100,Alloascoidea_hylecoeti,45474.0,76118.0,20917.0,12533.0,9308.0,5973.0,21192.0,36355.0,32001.0,4354.0,4723.0,246.0
49,random_100,Debaryomyces_hansenii,33620.0,56910.0,15748.0,9058.0,6801.0,4453.0,18310.0,27959.0,25940.0,2019.0,3638.0,197.0
49,random_100,Hanseniaspora_vinae,26572.0,44699.0,12565.0,7216.0,5388.0,3501.0,17904.0,21303.0,18916.0,2387.0,2862.0,184.0
49,random_100,Komagataella_pastoris,25362.0,42074.0,12063.0,6821.0,5020.0,3303.0,16763.0,20380.0,18116.0,2264.0,2689.0,157.0
49,random_100,Lipomyces_starkeyi,31957.0,53033.0,15013.0,8498.0,6230.0,4138.0,23087.0,25587.0,22633.0,2954.0,3388.0,195.0
49,random_100,Neurospora_crassa,35236.0,57230.0,16432.0,9303.0,6674.0,4778.0,21956.0,28315.0,24906.0,3409.0,3474.0,185.0
49,random_100,Pachysolen_tannophilus,31396.0,52404.0,14799.0,8438.0,6241.0,4149.0,20822.0,25104.0,22292.0,2812.0,3451.0,182.0
49,random_100,Saccharomycopsis_malanga,34694.0,59859.0,16086.0,9159.0,6848.0,4465.0,25797.0,27775.0,24809.0,2966.0,3918.0,206.0
49,random_100,Sporopachydermia_quercuum,29934.0,49722.0,14131.0,7999.0,5864.0,3976.0,18102.0,23956.0,21270.0,2686.0,3262.0,169.0
49,random_100,Tortispora_caseinolytica,22536.0,37403.0,10718.0,5953.0,4380.0,3023.0,21327.0,18231.0,16203.0,2028.0,2259.0,132.0
49,random_100,Torulaspora_delbrueckii,28071.0,46903.0,13296.0,7675.0,5639.0,3712.0,16679.0,22404.0,19728.0,2676.0,2962.0,171.0
49,random_100,Wickerhamomyces_ciferrii,34954.0,57985.0,16393.0,9514.0,7019.0,4637.0,20820.0,28028.0,24725.0,3303.0,3586.0,203.0
49,random_100,Yarrowia_deformans,31539.0,51647.0,14791.0,8570.0,6233.0,4203.0,24646.0,25342.0,22110.0,3232.0,2924.0,166.0
49,random_25,Alloascoidea_hylecoeti,30706.0,46186.0,16258.0,8415.0,7532.0,5652.0,66428.0,24291.0,22597.0,1694.0,4714.0,242.0
49,random_25,Debaryomyces_hansenii,22238.0,34098.0,12142.0,6038.0,5510.0,4240.0,60655.0,18136.0,17662.0,474.0,3630.0,191.0
49,random_25,Hanseniaspora_vinae,17835.0,27145.0,9802.0,4893.0,4407.0,3374.0,51579.0,14116.0,13261.0,855.0,2857.0,181.0
49,random_25,Komagataella_pastoris,17107.0,25844.0,9420.0,4589.0,4080.0,3256.0,55070.0,13592.0,12773.0,819.0,2686.0,155.0
49,random_25,Lipomyces_starkeyi,20854.0,31307.0,11491.0,5618.0,5030.0,4051.0,58986.0,16517.0,15554.0,963.0,3374.0,189.0
49,random_25,Neurospora_crassa,23043.0,33638.0,12509.0,6030.0,5299.0,4596.0,62180.0,18336.0,17090.0,1246.0,3461.0,181.0
49,random_25,Pachysolen_tannophilus,,,,,,,,,,,,
49,random_25,Saccharomycopsis_malanga,22994.0,35077.0,12471.0,6218.0,5608.0,4267.0,65023.0,18040.0,17009.0,1031.0,3915.0,204.0
49,random_25,Sporopachydermia_quercuum,20112.0,30230.0,10968.0,5238.0,4704.0,3891.0,64314.0,15941.0,15024.0,917.0,3253.0,164.0
49,random_25,Tortispora_caseinolytica,15160.0,22813.0,8364.0,3965.0,3540.0,2997.0,43367.0,12184.0,11464.0,720.0,2255.0,130.0
49,random_25,Torulaspora_delbrueckii,18746.0,28223.0,10337.0,5151.0,4565.0,3615.0,57414.0,14775.0,13762.0,1013.0,2953.0,166.0
49,random_25,Wickerhamomyces_ciferrii,23394.0,34723.0,12756.0,6506.0,5719.0,4453.0,52084.0,18507.0,17204.0,1303.0,3579.0,199.0
49,random_25,Yarrowia_deformans,21501.0,31771.0,11598.0,5821.0,5038.0,4127.0,59479.0,17172.0,15765.0,1407.0,2916.0,162.0
49,random_50,Alloascoidea_hylecoeti,35516.0,55530.0,17785.0,9745.0,8108.0,5767.0,47103.0,28235.0,25676.0,2559.0,4714.0,242.0
49,random_50,Debaryomyces_hansenii,26620.0,42126.0,13569.0,7239.0,6010.0,4307.0,48846.0,21886.0,20784.0,1102.0,3634.0,195.0
49,random_50,Hanseniaspora_vinae,20807.0,33069.0,10743.0,5701.0,4754.0,3421.0,39008.0,16548.0,15162.0,1386.0,2862.0,184.0
49,random_50,Komagataella_pastoris,20054.0,31390.0,10360.0,5328.0,4382.0,3259.0,42920.0,16032.0,14712.0,1320.0,2689.0,157.0
49,random_50,Lipomyces_starkeyi,24176.0,37817.0,12560.0,6529.0,5406.0,4063.0,46346.0,19210.0,17633.0,1577.0,3384.0,193.0
49,random_50,Neurospora_crassa,27352.0,41650.0,13909.0,7228.0,5794.0,4660.0,50639.0,21850.0,19816.0,2034.0,3461.0,181.0
49,random_50,Pachysolen_tannophilus,25004.0,39048.0,12783.0,6708.0,5500.0,4035.0,39163.0,19810.0,18086.0,1724.0,3449.0,181.0
49,random_50,Saccharomycopsis_malanga,26710.0,42693.0,13647.0,7229.0,6025.0,4328.0,53597.0,21117.0,19451.0,1666.0,3915.0,204.0
49,random_50,Sporopachydermia_quercuum,23597.0,36904.0,12105.0,6239.0,5114.0,3930.0,50723.0,18778.0,17223.0,1555.0,3258.0,167.0
49,random_50,Tortispora_caseinolytica,17385.0,27117.0,9082.0,4575.0,3792.0,3010.0,37219.0,14016.0,12904.0,1112.0,2255.0,130.0
49,random_50,Torulaspora_delbrueckii,21936.0,34493.0,11354.0,6060.0,4943.0,3614.0,41851.0,17350.0,15746.0,1604.0,2962.0,171.0
49,random_50,Wickerhamomyces_ciferrii,27840.0,43119.0,14164.0,7610.0,6185.0,4503.0,42821.0,22172.0,20099.0,2073.0,3583.0,201.0
49,random_50,Yarrowia_deformans,24551.0,37589.0,12578.0,6672.0,5408.0,4135.0,46395.0,19674.0,17727.0,1947.0,2920.0,164.0
49,random_75,Alloascoidea_hylecoeti,40186.0,64902.0,19280.0,11136.0,8708.0,5858.0,32242.0,32067.0,28675.0,3392.0,4714.0,242.0
49,random_75,Debaryomyces_hansenii,29969.0,49292.0,14599.0,8044.0,6362.0,4389.0,33144.0,24829.0,23331.0,1498.0,3638.0,197.0
49,random_75,Hanseniaspora_vinae,23566.0,38679.0,11611.0,6405.0,5049.0,3450.0,28253.0,18838.0,16984.0,1854.0,2862.0,184.0
49,random_75,Komagataella_pastoris,22744.0,36672.0,11232.0,6122.0,4721.0,3272.0,27789.0,18210.0,16390.0,1820.0,2689.0,157.0
49,random_75,Lipomyces_starkeyi,28323.0,45643.0,13885.0,7575.0,5843.0,4103.0,30555.0,22589.0,20254.0,2335.0,3384.0,193.0
49,random_75,Neurospora_crassa,31385.0,49454.0,15213.0,8306.0,6258.0,4697.0,35568.0,25162.0,22424.0,2738.0,3462.0,181.0
49,random_75,Pachysolen_tannophilus,28364.0,45940.0,13852.0,7646.0,5905.0,4090.0,28793.0,22603.0,20314.0,2289.0,3449.0,181.0
49,random_75,Saccharomycopsis_malanga,31073.0,51429.0,15024.0,8343.0,6489.0,4432.0,36850.0,24695.0,22267.0,2428.0,3918.0,206.0
49,random_75,Sporopachydermia_quercuum,26812.0,43360.0,13122.0,7073.0,5463.0,3948.0,34556.0,21440.0,19337.0,2103.0,3258.0,167.0
49,random_75,Tortispora_caseinolytica,19909.0,32255.0,9879.0,5274.0,4091.0,3017.0,29701.0,16063.0,14477.0,1586.0,2255.0,130.0
49,random_75,Torulaspora_delbrueckii,24792.0,40511.0,12247.0,6823.0,5278.0,3667.0,34014.0,19717.0,17630.0,2087.0,2962.0,171.0
49,random_75,Wickerhamomyces_ciferrii,,,,,,,,,,,,
49,random_75,Yarrowia_deformans,28338.0,45139.0,13772.0,7657.0,5831.0,4172.0,35837.0,22745.0,20100.0,2645.0,2924.0,166.0
50,random_0,Alloascoidea_hylecoeti,25301.0,36389.0,14489.0,6914.0,6891.0,5512.0,75924.0,19808.0,19005.0,803.0,4692.0,227.0
50,random_0,Debaryomyces_hansenii,18717.0,27280.0,11029.0,5130.0,5111.0,4182.0,73862.0,15069.0,15049.0,20.0,3630.0,191.0
50,random_0,Hanseniaspora_vinae,14997.0,21841.0,8878.0,4075.0,4051.0,3383.0,67047.0,11750.0,11359.0,391.0,2857.0,179.0
50,random_0,Komagataella_pastoris,14014.0,20260.0,8418.0,3752.0,3731.0,3270.0,70912.0,11041.0,10749.0,292.0,2682.0,153.0
50,random_0,Lipomyces_starkeyi,17268.0,24889.0,10318.0,4651.0,4625.0,4020.0,71387.0,13540.0,13182.0,358.0,3371.0,189.0
50,random_0,Neurospora_crassa,18560.0,26122.0,11015.0,4805.0,4783.0,4523.0,77774.0,14671.0,14238.0,433.0,3457.0,179.0
50,random_0,Pachysolen_tannophilus,17276.0,25015.0,10292.0,4683.0,4643.0,3962.0,64315.0,13441.0,13056.0,385.0,3449.0,179.0
50,random_0,Saccharomycopsis_malanga,19019.0,27865.0,11185.0,5179.0,5160.0,4238.0,73186.0,14696.0,14283.0,413.0,3911.0,202.0
50,random_0,Sporopachydermia_quercuum,16371.0,23537.0,9776.0,4368.0,4335.0,3868.0,70939.0,12777.0,12443.0,334.0,3258.0,164.0
50,random_0,Tortispora_caseinolytica,12343.0,17772.0,7465.0,3287.0,3263.0,3024.0,67907.0,9802.0,9513.0,289.0,2254.0,128.0
50,random_0,Torulaspora_delbrueckii,15463.0,22389.0,9246.0,4203.0,4165.0,3617.0,65849.0,12078.0,11647.0,431.0,2954.0,165.0
50,random_0,Wickerhamomyces_ciferrii,19252.0,27551.0,11363.0,5189.0,5172.0,4426.0,73436.0,15137.0,14603.0,534.0,3582.0,199.0
50,random_0,Yarrowia_deformans,17144.0,24424.0,10144.0,4518.0,4502.0,4147.0,77044.0,13686.0,13127.0,559.0,2900.0,151.0
50,random_100,Alloascoidea_hylecoeti,45473.0,76117.0,20916.0,12533.0,9307.0,5973.0,25169.0,36365.0,32011.0,4354.0,4712.0,237.0
50,random_100,Debaryomyces_hansenii,33620.0,56910.0,15748.0,9058.0,6801.0,4453.0,24920.0,27959.0,25940.0,2019.0,3638.0,197.0
50,random_100,Hanseniaspora_vinae,26578.0,44699.0,12565.0,7222.0,5387.0,3501.0,15689.0,21305.0,18918.0,2387.0,2866.0,184.0
50,random_100,Komagataella_pastoris,25362.0,42074.0,12063.0,6821.0,5020.0,3303.0,22230.0,20380.0,18116.0,2264.0,2689.0,157.0
50,random_100,Lipomyces_starkeyi,31957.0,53033.0,15013.0,8498.0,6230.0,4138.0,18491.0,25587.0,22633.0,2954.0,3388.0,195.0
50,random_100,Neurospora_crassa,35238.0,57232.0,16434.0,9305.0,6676.0,4778.0,25720.0,28316.0,24906.0,3410.0,3474.0,185.0
50,random_100,Pachysolen_tannophilus,31447.0,52493.0,14829.0,8452.0,6251.0,4160.0,17349.0,25142.0,22320.0,2822.0,3454.0,182.0
50,random_100,Saccharomycopsis_malanga,34694.0,59859.0,16086.0,9159.0,6848.0,4465.0,19377.0,27775.0,24809.0,2966.0,3918.0,206.0
50,random_100,Sporopachydermia_quercuum,29961.0,49767.0,14144.0,8014.0,5873.0,3973.0,21666.0,23971.0,21279.0,2692.0,3268.0,169.0
50,random_100,Tortispora_caseinolytica,22547.0,37420.0,10726.0,5960.0,4384.0,3026.0,20302.0,18238.0,16208.0,2030.0,2261.0,132.0
50,random_100,Torulaspora_delbrueckii,28023.0,46829.0,13270.0,7658.0,5625.0,3712.0,20984.0,22359.0,19687.0,2672.0,2963.0,170.0
50,random_100,Wickerhamomyces_ciferrii,34957.0,57987.0,16396.0,9517.0,7021.0,4637.0,24219.0,28028.0,24725.0,3303.0,3589.0,203.0
50,random_100,Yarrowia_deformans,31539.0,51646.0,14791.0,8570.0,6234.0,4202.0,22913.0,25362.0,22134.0,3228.0,2908.0,155.0
50,random_25,Alloascoidea_hylecoeti,31237.0,47047.0,16408.0,8451.0,7548.0,5649.0,62553.0,24741.0,22936.0,1805.0,4693.0,227.0
50,random_25,Debaryomyces_hansenii,23223.0,34998.0,12501.0,6287.0,5601.0,4199.0,51255.0,18995.0,18395.0,600.0,3630.0,191.0
50,random_25,Hanseniaspora_vinae,18013.0,27267.0,9871.0,4956.0,4427.0,3409.0,58681.0,14227.0,13309.0,918.0,2861.0,181.0
50,random_25,Komagataella_pastoris,17116.0,25548.0,9441.0,4593.0,4077.0,3274.0,53660.0,13596.0,12769.0,827.0,2686.0,155.0
50,random_25,Lipomyces_starkeyi,20817.0,31235.0,11474.0,5605.0,5027.0,4023.0,49408.0,16478.0,15515.0,963.0,3374.0,189.0
50,random_25,Neurospora_crassa,23373.0,34100.0,12646.0,6162.0,5342.0,4609.0,62780.0,18613.0,17314.0,1299.0,3457.0,179.0
50,random_25,Pachysolen_tannophilus,20920.0,31521.0,11462.0,5606.0,5045.0,3952.0,47202.0,16454.0,15453.0,1001.0,3454.0,182.0
50,random_25,Saccharomycopsis_malanga,23551.0,36139.0,12620.0,6233.0,5594.0,4262.0,61330.0,18486.0,17335.0,1151.0,3914.0,204.0
50,random_25,Sporopachydermia_quercuum,19881.0,29793.0,10913.0,5238.0,4707.0,3892.0,53508.0,15735.0,14848.0,887.0,3259.0,164.0
50,random_25,Tortispora_caseinolytica,15056.0,22536.0,8355.0,4020.0,3569.0,3008.0,55115.0,12057.0,11322.0,735.0,2258.0,130.0
50,random_25,Torulaspora_delbrueckii,18578.0,28151.0,10246.0,5012.0,4502.0,3610.0,50414.0,14682.0,13754.0,928.0,2958.0,167.0
50,random_25,Wickerhamomyces_ciferrii,23048.0,34527.0,12605.0,6291.0,5637.0,4449.0,60485.0,18259.0,17070.0,1189.0,3589.0,203.0
50,random_25,Yarrowia_deformans,21362.0,31584.0,11515.0,5605.0,4970.0,4134.0,63473.0,17165.0,15874.0,1291.0,2901.0,151.0
50,random_50,Alloascoidea_hylecoeti,36310.0,56765.0,18028.0,9785.0,8123.0,5770.0,47619.0,29007.0,26400.0,2607.0,4693.0,227.0
50,random_50,Debaryomyces_hansenii,26797.0,42332.0,13627.0,7233.0,6008.0,4281.0,39755.0,22092.0,21015.0,1077.0,3630.0,191.0
50,random_50,Hanseniaspora_vinae,21126.0,33241.0,10855.0,5758.0,4770.0,3429.0,40401.0,16787.0,15324.0,1463.0,2866.0,184.0
50,random_50,Komagataella_pastoris,19949.0,31122.0,10342.0,5346.0,4390.0,3275.0,49299.0,15946.0,14645.0,1301.0,2689.0,157.0
50,random_50,Lipomyces_starkeyi,25067.0,38905.0,12826.0,6607.0,5452.0,4036.0,41451.0,19964.0,18250.0,1714.0,3380.0,191.0
50,random_50,Neurospora_crassa,27781.0,42328.0,14069.0,7364.0,5836.0,4663.0,44418.0,22219.0,20139.0,2080.0,3466.0,183.0
50,random_50,Pachysolen_tannophilus,24528.0,38587.0,12618.0,6569.0,5455.0,4008.0,34849.0,19450.0,17850.0,1600.0,3454.0,182.0
50,random_50,Saccharomycopsis_malanga,27717.0,44633.0,13946.0,7449.0,6108.0,4321.0,41495.0,21920.0,20060.0,1860.0,3918.0,206.0
50,random_50,Sporopachydermia_quercuum,23345.0,36619.0,12018.0,6211.0,5115.0,3892.0,40049.0,18569.0,17063.0,1506.0,3264.0,167.0
50,random_50,Tortispora_caseinolytica,17661.0,27456.0,9186.0,4669.0,3836.0,3028.0,39625.0,14230.0,13069.0,1161.0,2261.0,132.0
50,random_50,Torulaspora_delbrueckii,21687.0,34159.0,11245.0,5903.0,4882.0,3615.0,42255.0,17222.0,15728.0,1494.0,2958.0,167.0
50,random_50,Wickerhamomyces_ciferrii,27262.0,42681.0,13941.0,7346.0,6096.0,4528.0,50561.0,21749.0,19842.0,1907.0,3589.0,203.0
50,random_50,Yarrowia_deformans,25178.0,38632.0,12757.0,6710.0,5434.0,4150.0,47634.0,20217.0,18186.0,2031.0,2904.0,153.0
50,random_75,Alloascoidea_hylecoeti,40923.0,66603.0,19473.0,11120.0,8682.0,5890.0,31051.0,32735.0,29267.0,3468.0,4704.0,233.0
50,random_75,Debaryomyces_hansenii,30327.0,49902.0,14711.0,8155.0,6405.0,4354.0,28931.0,25133.0,23571.0,1562.0,3634.0,195.0
50,random_75,Hanseniaspora_vinae,24110.0,39261.0,11797.0,6549.0,5094.0,3449.0,26008.0,19244.0,17264.0,1980.0,2866.0,184.0
50,random_75,Komagataella_pastoris,22667.0,36638.0,11200.0,6045.0,4690.0,3306.0,30318.0,18196.0,16433.0,1763.0,2689.0,157.0
50,random_75,Lipomyces_starkeyi,28308.0,45485.0,13855.0,7484.0,5814.0,4120.0,30098.0,22629.0,20344.0,2285.0,3380.0,191.0
50,random_75,Neurospora_crassa,31324.0,49464.0,15170.0,8224.0,6218.0,4711.0,36190.0,25117.0,22416.0,2701.0,3470.0,185.0
50,random_75,Pachysolen_tannophilus,28204.0,45745.0,13788.0,7535.0,5857.0,4070.0,30645.0,22470.0,20213.0,2257.0,3454.0,182.0
50,random_75,Saccharomycopsis_malanga,31039.0,51971.0,14964.0,8315.0,6493.0,4383.0,33854.0,24713.0,22326.0,2387.0,3918.0,206.0
50,random_75,Sporopachydermia_quercuum,26717.0,43209.0,13101.0,7084.0,5477.0,3936.0,31720.0,21348.0,19256.0,2092.0,3264.0,167.0
50,random_75,Tortispora_caseinolytica,20112.0,32324.0,9976.0,5370.0,4129.0,3002.0,27502.0,16217.0,14597.0,1620.0,2261.0,132.0
50,random_75,Torulaspora_delbrueckii,24922.0,40541.0,12281.0,6824.0,5268.0,3670.0,26908.0,19802.0,17673.0,2129.0,2963.0,170.0
50,random_75,Wickerhamomyces_ciferrii,31069.0,50219.0,15161.0,8452.0,6562.0,4574.0,35821.0,24826.0,22208.0,2618.0,3589.0,203.0
50,random_75,Yarrowia_deformans,28399.0,44894.0,13797.0,7600.0,5814.0,4185.0,35495.0,22839.0,20214.0,2625.0,2904.0,153.0
51,random_0,Alloascoidea_hylecoeti,25301.0,36389.0,14489.0,6914.0,6891.0,5512.0,75901.0,19808.0,19005.0,803.0,4692.0,227.0
51,random_0,Debaryomyces_hansenii,18717.0,27280.0,11029.0,5130.0,5111.0,4182.0,73878.0,15069.0,15049.0,20.0,3630.0,191.0
51,random_0,Hanseniaspora_vinae,14981.0,21828.0,8869.0,4059.0,4044.0,3380.0,67103.0,11742.0,11353.0,389.0,2851.0,179.0
51,random_0,Komagataella_pastoris,14024.0,20272.0,8427.0,3762.0,3739.0,3273.0,69705.0,11045.0,10749.0,296.0,2682.0,153.0
51,random_0,Lipomyces_starkeyi,17276.0,24898.0,10324.0,4659.0,4630.0,4021.0,71390.0,13544.0,13184.0,360.0,3373.0,189.0
51,random_0,Neurospora_crassa,18562.0,26124.0,11017.0,4807.0,4785.0,4523.0,75121.0,14672.0,14238.0,434.0,3457.0,179.0
51,random_0,Pachysolen_tannophilus,17241.0,24973.0,10268.0,4648.0,4632.0,3952.0,64425.0,13425.0,13049.0,376.0,3441.0,179.0
51,random_0,Saccharomycopsis_malanga,19019.0,27865.0,11185.0,5179.0,5160.0,4238.0,73316.0,14696.0,14283.0,413.0,3911.0,202.0
51,random_0,Sporopachydermia_quercuum,16361.0,23519.0,9772.0,4358.0,4333.0,3873.0,70930.0,12775.0,12442.0,333.0,3254.0,164.0
51,random_0,Tortispora_caseinolytica,12333.0,17761.0,7457.0,3277.0,3256.0,3023.0,67982.0,9797.0,9511.0,286.0,2252.0,128.0
51,random_0,Torulaspora_delbrueckii,15409.0,22326.0,9202.0,4147.0,4129.0,3603.0,65938.0,12056.0,11637.0,419.0,2935.0,163.0
51,random_0,Wickerhamomyces_ciferrii,19249.0,27549.0,11360.0,5186.0,5170.0,4426.0,73446.0,15137.0,14603.0,534.0,3579.0,199.0
51,random_0,Yarrowia_deformans,17142.0,24423.0,10143.0,4516.0,4501.0,4148.0,77078.0,13686.0,13127.0,559.0,2898.0,145.0
51,random_100,Alloascoidea_hylecoeti,45473.0,76117.0,20916.0,12533.0,9307.0,5973.0,25914.0,36365.0,32011.0,4354.0,4712.0,237.0
51,random_100,Debaryomyces_hansenii,33620.0,56910.0,15748.0,9058.0,6801.0,4453.0,22362.0,27959.0,25940.0,2019.0,3638.0,197.0
51,random_100,Hanseniaspora_vinae,26557.0,44680.0,12554.0,7207.0,5383.0,3496.0,17527.0,21292.0,18907.0,2385.0,2860.0,184.0
51,random_100,Komagataella_pastoris,25383.0,42098.0,12077.0,6836.0,5026.0,3310.0,21686.0,20395.0,18125.0,2270.0,2689.0,157.0
51,random_100,Lipomyces_starkeyi,31966.0,53048.0,15019.0,8503.0,6233.0,4140.0,19585.0,25593.0,22638.0,2955.0,3390.0,195.0
51,random_100,Neurospora_crassa,35240.0,57234.0,16436.0,9307.0,6678.0,4778.0,25128.0,28317.0,24906.0,3411.0,3474.0,185.0
51,random_100,Pachysolen_tannophilus,31387.0,52399.0,14798.0,8429.0,6241.0,4149.0,22712.0,25100.0,22288.0,2812.0,3446.0,182.0
51,random_100,Saccharomycopsis_malanga,34694.0,59859.0,16086.0,9159.0,6848.0,4465.0,25787.0,27775.0,24809.0,2966.0,3918.0,206.0
51,random_100,Sporopachydermia_quercuum,29943.0,49737.0,14137.0,8004.0,5867.0,3978.0,24327.0,23962.0,21275.0,2687.0,3264.0,169.0
51,random_100,Tortispora_caseinolytica,22536.0,37403.0,10718.0,5953.0,4380.0,3023.0,19074.0,18231.0,16203.0,2028.0,2259.0,132.0
51,random_100,Torulaspora_delbrueckii,27930.0,46710.0,13212.0,7613.0,5604.0,3683.0,17185.0,22298.0,19639.0,2659.0,2944.0,168.0
51,random_100,Wickerhamomyces_ciferrii,34954.0,57985.0,16393.0,9514.0,7019.0,4637.0,21436.0,28028.0,24725.0,3303.0,3586.0,203.0
51,random_100,Yarrowia_deformans,31537.0,51645.0,14790.0,8568.0,6233.0,4202.0,18811.0,25362.0,22134.0,3228.0,2906.0,149.0
51,random_25,Alloascoidea_hylecoeti,29842.0,44697.0,15973.0,8161.0,7404.0,5632.0,66262.0,23583.0,22040.0,1543.0,4701.0,231.0
51,random_25,Debaryomyces_hansenii,23208.0,35150.0,12484.0,6276.0,5602.0,4235.0,61336.0,18985.0,18390.0,595.0,3630.0,191.0
51,random_25,Hanseniaspora_vinae,18211.0,27628.0,9950.0,5041.0,4456.0,3426.0,49340.0,14376.0,13408.0,968.0,2860.0,184.0
51,random_25,Komagataella_pastoris,17226.0,25728.0,9502.0,4709.0,4138.0,3285.0,54734.0,13647.0,12770.0,877.0,2689.0,157.0
51,random_25,Lipomyces_starkeyi,21288.0,31876.0,11665.0,5801.0,5102.0,4059.0,55486.0,16830.0,15744.0,1086.0,3373.0,189.0
51,random_25,Neurospora_crassa,23101.0,33770.0,12521.0,6031.0,5283.0,4582.0,58659.0,18406.0,17176.0,1230.0,3457.0,179.0
51,random_25,Pachysolen_tannophilus,20645.0,31025.0,11376.0,5557.0,5023.0,3968.0,54911.0,16243.0,15284.0,959.0,3441.0,179.0
51,random_25,Saccharomycopsis_malanga,23542.0,36383.0,12620.0,6329.0,5632.0,4288.0,58626.0,18479.0,17339.0,1140.0,3915.0,204.0
51,random_25,Sporopachydermia_quercuum,19833.0,29757.0,10915.0,5350.0,4738.0,3887.0,57605.0,15637.0,14695.0,942.0,3255.0,164.0
51,random_25,Tortispora_caseinolytica,15415.0,23089.0,8465.0,4057.0,3570.0,3045.0,44542.0,12381.0,11598.0,783.0,2252.0,128.0
51,random_25,Torulaspora_delbrueckii,18566.0,27982.0,10236.0,5012.0,4489.0,3586.0,54566.0,14636.0,13648.0,988.0,2940.0,166.0
51,random_25,Wickerhamomyces_ciferrii,23573.0,35117.0,12771.0,6316.0,5630.0,4455.0,58012.0,18676.0,17376.0,1300.0,3586.0,203.0
51,random_25,Yarrowia_deformans,21502.0,31787.0,11585.0,5740.0,5022.0,4174.0,65462.0,17261.0,15919.0,1342.0,2899.0,145.0
51,random_50,Alloascoidea_hylecoeti,36203.0,56213.0,18039.0,9860.0,8134.0,5783.0,45492.0,28791.0,26092.0,2699.0,4701.0,231.0
51,random_50,Debaryomyces_hansenii,26580.0,42204.0,13520.0,7127.0,5979.0,4281.0,52230.0,21935.0,20918.0,1017.0,3630.0,191.0
51,random_50,Hanseniaspora_vinae,21133.0,33348.0,10874.0,5783.0,4765.0,3440.0,37189.0,16805.0,15347.0,1458.0,2860.0,184.0
51,random_50,Komagataella_pastoris,20049.0,31290.0,10401.0,5452.0,4446.0,3263.0,38958.0,15992.0,14645.0,1347.0,2689.0,157.0
51,random_50,Lipomyces_starkeyi,24522.0,38332.0,12702.0,6689.0,5483.0,4098.0,41582.0,19525.0,17915.0,1610.0,3386.0,193.0
51,random_50,Neurospora_crassa,27212.0,41416.0,13879.0,7262.0,5813.0,4602.0,49137.0,21705.0,19697.0,2008.0,3474.0,185.0
51,random_50,Pachysolen_tannophilus,24480.0,38329.0,12593.0,6545.0,5437.0,3993.0,45910.0,19393.0,17754.0,1639.0,3441.0,179.0
51,random_50,Saccharomycopsis_malanga,26898.0,43445.0,13653.0,7143.0,5984.0,4332.0,45422.0,21317.0,19669.0,1648.0,3918.0,206.0
51,random_50,Sporopachydermia_quercuum,23448.0,36589.0,12087.0,6333.0,5156.0,3919.0,44335.0,18597.0,17019.0,1578.0,3260.0,167.0
51,random_50,Tortispora_caseinolytica,17895.0,27743.0,9273.0,4753.0,3860.0,3040.0,38614.0,14407.0,13184.0,1223.0,2259.0,132.0
51,random_50,Torulaspora_delbrueckii,21788.0,34378.0,11245.0,5838.0,4847.0,3624.0,38353.0,17311.0,15792.0,1519.0,2944.0,168.0
51,random_50,Wickerhamomyces_ciferrii,27727.0,43159.0,14128.0,7555.0,6160.0,4498.0,39381.0,22027.0,19934.0,2093.0,3586.0,203.0
51,random_50,Yarrowia_deformans,24954.0,38233.0,12708.0,6740.0,5442.0,4168.0,48531.0,20029.0,18031.0,1998.0,2906.0,149.0
51,random_75,Alloascoidea_hylecoeti,40600.0,65531.0,19413.0,11170.0,8705.0,5841.0,41107.0,32349.0,28835.0,3514.0,4712.0,237.0
51,random_75,Debaryomyces_hansenii,30059.0,49346.0,14629.0,8061.0,6376.0,4394.0,33784.0,24917.0,23407.0,1510.0,3634.0,195.0
51,random_75,Hanseniaspora_vinae,23685.0,38810.0,11659.0,6442.0,5046.0,3462.0,29356.0,18944.0,17073.0,1871.0,2860.0,184.0
51,random_75,Komagataella_pastoris,22703.0,36690.0,11240.0,6170.0,4746.0,3281.0,26639.0,18183.0,16379.0,1804.0,2689.0,157.0
51,random_75,Lipomyces_starkeyi,27800.0,45138.0,13707.0,7485.0,5815.0,4125.0,31816.0,22228.0,20072.0,2156.0,3390.0,195.0
51,random_75,Neurospora_crassa,31153.0,49080.0,15154.0,8323.0,6261.0,4695.0,32790.0,24909.0,22173.0,2736.0,3474.0,185.0
51,random_75,Pachysolen_tannophilus,27949.0,45343.0,13700.0,7457.0,5825.0,4091.0,35930.0,22249.0,20014.0,2235.0,3444.0,181.0
51,random_75,Saccharomycopsis_malanga,30778.0,51367.0,14880.0,8186.0,6428.0,4375.0,35974.0,24491.0,22153.0,2338.0,3918.0,206.0
51,random_75,Sporopachydermia_quercuum,26504.0,43019.0,13034.0,7076.0,5475.0,3948.0,30428.0,21153.0,19076.0,2077.0,3260.0,167.0
51,random_75,Tortispora_caseinolytica,20426.0,32973.0,10055.0,5380.0,4131.0,3017.0,27962.0,16498.0,14844.0,1654.0,2259.0,132.0
51,random_75,Torulaspora_delbrueckii,25208.0,41040.0,12343.0,6810.0,5252.0,3654.0,27735.0,20047.0,17853.0,2194.0,2944.0,168.0
51,random_75,Wickerhamomyces_ciferrii,31934.0,51393.0,15462.0,8678.0,6647.0,4557.0,33566.0,25506.0,22689.0,2817.0,3586.0,203.0
51,random_75,Yarrowia_deformans,28424.0,45157.0,13812.0,7745.0,5872.0,4172.0,33083.0,22830.0,20171.0,2659.0,2906.0,149.0
